Date,Euro,GBP,JPY,CNY,MSCI_USA,VIX,S&P,Natural_Gas,Brent_Oil,Heating_Oil,Crude_Oil,Silver,Gold,GSCI_Precious_Metal,CAC40,DAX,Dow_Jones,FTSE_100,FTSE_MIB,Nikkei_225,SHCOMP,BTC,ETH,XRP,LTC,DOGE,Euro_expected_return,Euro_abnormal_return,Euro_CAR,GBP_expected_return,GBP_abnormal_return,GBP_CAR,JPY_expected_return,JPY_abnormal_return,JPY_CAR,CNY_expected_return,CNY_abnormal_return,CNY_CAR,MSCI_USA_expected_return,MSCI_USA_abnormal_return,MSCI_USA_CAR,VIX_expected_return,VIX_abnormal_return,VIX_CAR,Natural_Gas_expected_return,Natural_Gas_abnormal_return,Natural_Gas_CAR,Brent_Oil_expected_return,Brent_Oil_abnormal_return,Brent_Oil_CAR,Heating_Oil_expected_return,Heating_Oil_abnormal_return,Heating_Oil_CAR,Crude_Oil_expected_return,Crude_Oil_abnormal_return,Crude_Oil_CAR,Silver_expected_return,Silver_abnormal_return,Silver_CAR,Gold_expected_return,Gold_abnormal_return,Gold_CAR,GSCI_Precious_Metal_expected_return,GSCI_Precious_Metal_abnormal_return,GSCI_Precious_Metal_CAR,CAC40_expected_return,CAC40_abnormal_return,CAC40_CAR,DAX_expected_return,DAX_abnormal_return,DAX_CAR,Dow_Jones_expected_return,Dow_Jones_abnormal_return,Dow_Jones_CAR,FTSE_100_expected_return,FTSE_100_abnormal_return,FTSE_100_CAR,FTSE_MIB_expected_return,FTSE_MIB_abnormal_return,FTSE_MIB_CAR,Nikkei_225_expected_return,Nikkei_225_abnormal_return,Nikkei_225_CAR,SHCOMP_expected_return,SHCOMP_abnormal_return,SHCOMP_CAR,BTC_expected_return,BTC_abnormal_return,BTC_CAR,ETH_expected_return,ETH_abnormal_return,ETH_CAR,XRP_expected_return,XRP_abnormal_return,XRP_CAR,LTC_expected_return,LTC_abnormal_return,LTC_CAR,DOGE_expected_return,DOGE_abnormal_return,DOGE_CAR,Aggregate_AR,Aggregate_CAR,CAR_days,Euro_AR_t_stat,Euro_AR_p_value,Euro_CAR_t_stat,Euro_CAR_p_value,GBP_AR_t_stat,GBP_AR_p_value,GBP_CAR_t_stat,GBP_CAR_p_value,JPY_AR_t_stat,JPY_AR_p_value,JPY_CAR_t_stat,JPY_CAR_p_value,CNY_AR_t_stat,CNY_AR_p_value,CNY_CAR_t_stat,CNY_CAR_p_value,MSCI_USA_AR_t_stat,MSCI_USA_AR_p_value,MSCI_USA_CAR_t_stat,MSCI_USA_CAR_p_value,VIX_AR_t_stat,VIX_AR_p_value,VIX_CAR_t_stat,VIX_CAR_p_value,Natural_Gas_AR_t_stat,Natural_Gas_AR_p_value,Natural_Gas_CAR_t_stat,Natural_Gas_CAR_p_value,Brent_Oil_AR_t_stat,Brent_Oil_AR_p_value,Brent_Oil_CAR_t_stat,Brent_Oil_CAR_p_value,Heating_Oil_AR_t_stat,Heating_Oil_AR_p_value,Heating_Oil_CAR_t_stat,Heating_Oil_CAR_p_value,Crude_Oil_AR_t_stat,Crude_Oil_AR_p_value,Crude_Oil_CAR_t_stat,Crude_Oil_CAR_p_value,Silver_AR_t_stat,Silver_AR_p_value,Silver_CAR_t_stat,Silver_CAR_p_value,Gold_AR_t_stat,Gold_AR_p_value,Gold_CAR_t_stat,Gold_CAR_p_value,GSCI_Precious_Metal_AR_t_stat,GSCI_Precious_Metal_AR_p_value,GSCI_Precious_Metal_CAR_t_stat,GSCI_Precious_Metal_CAR_p_value,CAC40_AR_t_stat,CAC40_AR_p_value,CAC40_CAR_t_stat,CAC40_CAR_p_value,DAX_AR_t_stat,DAX_AR_p_value,DAX_CAR_t_stat,DAX_CAR_p_value,Dow_Jones_AR_t_stat,Dow_Jones_AR_p_value,Dow_Jones_CAR_t_stat,Dow_Jones_CAR_p_value,FTSE_100_AR_t_stat,FTSE_100_AR_p_value,FTSE_100_CAR_t_stat,FTSE_100_CAR_p_value,FTSE_MIB_AR_t_stat,FTSE_MIB_AR_p_value,FTSE_MIB_CAR_t_stat,FTSE_MIB_CAR_p_value,Nikkei_225_AR_t_stat,Nikkei_225_AR_p_value,Nikkei_225_CAR_t_stat,Nikkei_225_CAR_p_value,SHCOMP_AR_t_stat,SHCOMP_AR_p_value,SHCOMP_CAR_t_stat,SHCOMP_CAR_p_value,BTC_AR_t_stat,BTC_AR_p_value,BTC_CAR_t_stat,BTC_CAR_p_value,ETH_AR_t_stat,ETH_AR_p_value,ETH_CAR_t_stat,ETH_CAR_p_value,XRP_AR_t_stat,XRP_AR_p_value,XRP_CAR_t_stat,XRP_CAR_p_value,LTC_AR_t_stat,LTC_AR_p_value,LTC_CAR_t_stat,LTC_CAR_p_value,DOGE_AR_t_stat,DOGE_AR_p_value,DOGE_CAR_t_stat,DOGE_CAR_p_value,Aggregate_AR_t,Aggregate_AR_p,Aggregate_CAR_t,Aggregate_CAR_p
2020-09-03,0.0,0.0,0.0,0.0,0.0,0.0,0.0,-14.26,0.0,0.0,-3.49,-0.63,0.0,0.0,0.0,0.0,0.0,0.0,0.0,0.0,0.0,-3.63,-13.22,-6.56,-5.05,-4.06,0.007178720713187512,-0.007178720713187512,,0.03901035472812977,-0.03901035472812977,,-0.04376192544557476,0.04376192544557476,,-0.056396595750380536,0.056396595750380536,,0.014306009339633843,-0.014306009339633843,,-0.003812158745071903,0.003812158745071903,,0.3298837224209567,-14.589883722420957,,-0.033519006948756314,0.033519006948756314,,-0.0003567927609706257,0.0003567927609706257,,0.04307251179891762,-3.5330725117989177,,-0.16237730130316694,-0.46762269869683304,,-0.01094341972956968,0.01094341972956968,,-0.034915524246978885,0.034915524246978885,,-0.1032437843407579,0.1032437843407579,,-0.12196368334795543,0.12196368334795543,,-0.021194519255699443,0.021194519255699443,,-0.01495226473202365,0.01495226473202365,,-0.07471950578967355,0.07471950578967355,,0.03132770518827082,-0.03132770518827082,,-0.07421971387923917,0.07421971387923917,,0.5294668974946015,-4.159466897494601,,0.02612858978418945,-13.24612858978419,,-0.13493382082101146,-6.425066179178988,,0.1638907209274958,-5.213890720927496,,-0.20373085360731627,-3.8562691463926835,,-1.9611240139112014,,,,,,,,,,,,,,,,,,,,,,,,,,,,,,,,,,,,,,,,,,,,,,,,,,,,,,,,,,,,,,,,,,,,,,,,,,,,,,,,,,,,,,,,,,,,,,,,,,,,,,,,,,
2020-09-06,0.19,0.86,0.02,-0.16,-0.87,-8.48,-0.81,-0.78,-1.52,-0.04,1.16,1.25,0.88,0.0,1.79,2.25,0.0,2.39,1.79,-0.5,-1.87,0.78,-0.4,0.93,1.93,1.15,0.08578302716262463,0.10421697283737537,,0.22281361489366389,0.6371863851063361,,-0.057285341979654084,0.07728534197965409,,0.005138723506849754,-0.16513872350684977,,-0.8075081681134073,-0.062491831886592686,,2.088618857411289,-10.56861885741129,,1.0970929964227725,-1.8770929964227725,,-0.596657874922385,-0.923342125077615,,0.0014222696974712564,-0.04142226969747126,,-0.4553052123805159,1.6153052123805158,,-0.7922085765429963,2.042208576542996,,-0.18301844486774596,1.063018444867746,,-0.2315205635543803,0.2315205635543803,,-0.42161188186635756,2.2116118818663577,,-0.5246536997368025,2.7746536997368025,,-0.7134986533974091,0.7134986533974091,,-0.22085923482357347,2.6108592348235735,,-0.4350488957858753,2.2250488957858754,,0.07610130661112506,-0.576101306611125,,-0.10904515017369504,-1.760954849826305,,0.11959584509717036,0.6604041549028297,,-0.8753146161154131,0.47531461611541304,,-0.7461912252217949,1.676191225221795,,-0.43503297669492536,2.365032976694925,,-0.6278446350683059,1.777844635068306,,0.2802322504016258,,,,,,,,,,,,,,,,,,,,,,,,,,,,,,,,,,,,,,,,,,,,,,,,,,,,,,,,,,,,,,,,,,,,,,,,,,,,,,,,,,,,,,,,,,,,,,,,,,,,,,,,,,
2020-09-07,0.34,1.44,-0.23,0.2,-2.97,2.31,-2.78,13.81,-5.31,0.0,-5.13,-0.16,-0.42,0.52,-1.59,-0.8,-2.25,-0.12,-1.81,0.8,0.72,-2.41,-4.15,-2.3,-2.83,-2.46,0.276956463835947,0.063043536164053,,0.6698412970246541,0.7701587029753458,,-0.09017562663661244,-0.13982437336338757,,0.15479869750282957,0.04520130249717044,,-2.806241414511544,-0.163758585488456,,7.1776177485570045,-4.867617748557004,,2.9630217245506447,10.846978275449356,,-1.9662672204878768,-3.3437327795121226,,0.00574912530627435,-0.00574912530627435,,-1.667409060076175,-3.4625909399238246,,-2.3240204434843093,2.164020443484309,,-0.6015219010680017,0.18152190106800176,,-0.7096834369316405,1.2296834369316405,,-1.1959145388113346,-0.3940854611886655,,-1.504035591447949,0.704035591447949,,-2.3972506833469986,0.14725068334699865,,-0.7216453225770957,0.6016453225770957,,-1.3114055603445385,-0.4985944396554616,,0.18499512735559773,0.6150048726444023,,-0.19374405079107537,0.9137440507910753,,-0.8772510354249767,-1.5327489645750234,,-3.067713524290989,-1.0822864757090112,,-2.2328296038261692,-0.06717039617383058,,-1.8916745622704432,-0.9383254377295569,,-1.6593312393623176,-0.8006687606376823,,0.037889793521426844,,,,,,,,,,,,,,,,,,,,,,,,,,,,,,,,,,,,,,,,,,,,,,,,,,,,,,,,,,,,,,,,,,,,,,,,,,,,,,,,,,,,,,,,,,,,,,,,,,,,,,,,,,
2020-09-08,-0.21,-0.16,0.15,-0.19,2.11,-8.42,2.02,-0.66,2.54,-0.03,3.28,0.35,0.6,0.57,1.4,2.08,1.6,1.39,2.02,-1.04,-1.86,0.97,4.04,1.07,0.79,1.27,-0.1888468336421989,-0.021153166357801095,,-0.4193632076599923,0.2593632076599923,,-0.010036861990216438,0.16003686199021644,,-0.20985504624372026,0.019855046243720254,,2.063768525950922,0.0462314740490779,,-5.221973458295502,-3.1980265417044977,,-1.5834036028675218,0.9234036028675218,,1.3708519971336264,1.1691480028663737,,-0.004793467040047911,-0.025206532959952087,,1.2859404165426902,1.9940595834573096,,1.4083130394183827,-1.0583130394183828,,0.41818195160267235,0.18181804839732763,,0.4553834626677753,0.11461653733222466,,0.6907112243033303,0.7092887756966696,,0.8822756167822559,1.1977243832177442,,1.7052923337890578,-0.10529233378905767,,0.4985441298172733,0.8914558701827267,,0.8238797137070271,1.196120286292973,,-0.08032991811316814,-0.9596700818868319,,0.012628905027922382,-1.8726289050279226,,1.5516144602635038,-0.5816144602635038,,2.2741721402992474,1.7658278597007526,,1.3894364963266215,-0.3194364963266214,,1.6575029051216819,-0.8675029051216818,,0.853935613739843,0.41606438626015707,,0.07831421012917442,,,,,,,,,,,,,,,,,,,,,,,,,,,,,,,,,,,,,,,,,,,,,,,,,,,,,,,,,,,,,,,,,,,,,,,,,,,,,,,,,,,,,,,,,,,,,,,,,,,,,,,,,,
2020-09-09,-0.12,1.53,-0.04,0.04,-1.71,3.12,-1.76,-2.61,-1.79,0.03,-1.95,0.77,0.47,0.51,-0.38,-0.25,-1.45,-0.16,0.25,0.88,-0.61,1.13,4.79,1.71,1.75,0.87,0.17797326312184103,-0.297973263121841,,0.43838533977916677,1.0916146602208332,,-0.07314613914925329,0.03314613914925329,,0.07730977695668775,-0.03730977695668775,,-1.7713643021632703,0.06136430216327038,,4.542704617100847,-1.4227046171008473,,1.9969063424742846,-4.606906342474284,,-1.2571293867433075,-0.5328706132566925,,0.0035088244326808705,0.026491175567319128,,-1.0398222962946662,-0.9101777037053338,,-1.5308995783674872,2.3008995783674875,,-0.38483483237548355,0.8548348323754835,,-0.4621067207667646,0.9721067207667646,,-0.7950065641494684,0.41500656414946835,,-0.9969444596990307,0.7469444596990307,,-1.5254602922055869,0.07546029220558692,,-0.46235506394329234,0.30235506394329237,,-0.857657439608581,1.107657439608581,,0.12861355519348497,0.7513864448065151,,-0.14988979767953836,-0.4601102023204616,,-0.3611171175911747,1.4911171175911746,,-1.932562820565564,6.722562820565564,,-1.4630980575437014,3.1730980575437013,,-1.1374743504496168,2.887474350449617,,-1.1252620330781085,1.9952620330781086,,0.643874212819804,,,,,,,,,,,,,,,,,,,,,,,,,,,,,,,,,,,,,,,,,,,,,,,,,,,,,,,,,,,,,,,,,,,,,,,,,,,,,,,,,,,,,,,,,,,,,,,,,,,,,,,,,,
2020-09-10,-0.26,0.08,0.01,-0.01,0.02,-9.56,0.05,-1.93,-0.57,-0.02,-0.03,-1.6,-0.84,-0.92,0.2,-0.02,0.48,0.48,0.0,0.74,0.79,0.49,1.58,-0.23,0.53,-0.29,0.002326603031123492,-0.2623266030311235,,0.027664474470998034,0.05233552552900197,,-0.0429271466471748,0.0529271466471748,,-0.06019507224774043,0.050195072247740426,,0.06503527955278454,-0.04503527955278454,,-0.13297456714978553,-9.427025432850215,,0.2825251252603508,-2.212525125260351,,0.0012426515681343495,-0.5712426515681343,,-0.0004666114312448159,-0.019533388568755184,,0.0738365688470308,-0.1038365688470308,,-0.12349882752293057,-1.4765011724770696,,-0.0003215045975834916,-0.8396784954024165,,-0.02277941070948497,-0.8972205892905151,,-0.08359143264164681,0.2835914326416468,,-0.09710627492889079,0.07710627492889079,,0.02154030383946782,0.45845969616053217,,-0.00224195793624897,0.48224195793624897,,-0.05247695085163641,0.05247695085163641,,0.028563902631304507,0.7114360973686955,,-0.07206999558945795,0.862069995589458,,0.5547675797413565,-0.0647675797413565,,0.08177323212367107,1.498226767876329,,-0.09720188227775323,-0.13279811772224678,,0.20086131954616376,0.32913868045383626,,-0.17755099055416876,-0.11244900944583122,,-0.4328744005971785,,,,,,,,,,,,,,,,,,,,,,,,,,,,,,,,,,,,,,,,,,,,,,,,,,,,,,,,,,,,,,,,,,,,,,,,,,,,,,,,,,,,,,,,,,,,,,,,,,,,,,,,,,
2020-09-13,-0.18,-0.4,-0.4,-0.37,1.43,-3.8,1.27,-0.15,-0.55,0.01,-0.24,1.85,0.78,0.92,0.35,-0.12,1.18,-0.1,-0.14,0.65,0.57,3.38,3.01,1.5,1.92,0.26,-0.1160650684112386,-0.06393493158876139,,-0.24917500380301624,-0.15082499619698378,,-0.022558543966215816,-0.3774414560337842,,-0.15287789878332184,-0.21712210121667816,,1.3028294727536613,0.1271705272463386,,-3.284537332224798,-0.5154626677752017,,-0.8730246454584332,0.7230246454584331,,0.8494271193802664,-1.3994271193802663,,-0.0031461869859350576,0.013146186985935058,,0.8244795608209924,-1.0644795608209923,,0.8251359327148369,1.0248640672851632,,0.2588532246228795,0.5211467753771205,,0.27334175960536655,0.6466582403946335,,0.3959259488166639,-0.0459259488166639,,0.5094144904962863,-0.6294144904962863,,1.0642699873615489,0.11573001263845106,,0.30788952788065316,-0.40788952788065314,,0.4902413896364699,-0.6302413896364699,,-0.03887287975867349,0.6888728797586735,,-0.01961686931879602,0.589616869318796,,1.1721042265621788,2.207895773437821,,1.439502505207023,1.5704974947929768,,0.8234574181777478,0.6765425818222522,,1.1029439258416622,0.8170560741583377,,0.46123766794263044,-0.20123766794263043,,0.15457001041882928,,,,,,,,,,,,,,,,,,,,,,,,,,,,,,,,,,,,,,,,,,,,,,,,,,,,,,,,,,,,,,,,,,,,,,,,,,,,,,,,,,,,,,,,,,,,,,,,,,,,,,,,,,
2020-09-14,0.18,-0.32,-0.27,-0.41,0.62,-1.01,0.52,0.04,2.32,0.0,2.64,0.44,0.17,0.16,0.32,0.19,0.01,1.32,0.82,-0.44,0.51,1.03,-3.37,-0.97,-1.56,1.39,-0.0432833031802783,0.22328330318027828,,-0.07898679994604027,-0.24101320005395974,,-0.03508022594221519,-0.23491977405778483,,-0.09590075132292344,-0.3140992486770765,,0.541890419556401,0.07810958044359895,,-1.3471012061540937,0.33710120615409367,,-0.1626456880493447,0.2026456880493447,,0.32800224162690655,1.9919977583730932,,-0.001498906931822204,0.001498906931822204,,0.36301870509929474,2.2769812949007053,,0.24195882601129134,0.19804117398870866,,0.09952449764308668,0.07047550235691333,,0.09130005654295784,0.06869994345704217,,0.10114067332999746,0.21885932667000255,,0.13655336421031677,0.05344663578968323,,0.42324764093404005,-0.41324764093404004,,0.11723492594403301,1.202765074055967,,0.15660306556591275,0.6633969344340872,,0.0025841585958211837,-0.4425841585958212,,-0.05186264366551442,0.5618626436655144,,0.7925939928608536,0.2374060071391464,,0.6048328701147984,-3.9748328701147986,,0.2574783400288742,-1.2274783400288742,,0.5483849465616427,-2.108384946561643,,0.06853972214541779,1.321460277854582,,0.02890273378540711,,,,,,,,,,,,,,,,,,,,,,,,,,,,,,,,,,,,,,,,,,,,,,,,,,,,,,,,,,,,,,,,,,,,,,,,,,,,,,,,,,,,,,,,,,,,,,,,,,,,,,,,,,
2020-09-15,0.26,-0.61,-0.46,-0.4,-0.49,1.76,-0.46,-2.81,4.17,0.01,4.82,0.05,0.2,0.2,0.13,0.08,0.13,-0.44,0.04,0.09,-0.36,1.52,0.24,1.41,-1.21,-1.25,0.0518182033881765,0.2081817966118235,,0.1433924530937417,-0.7533924530937417,,-0.051441890390854374,-0.4085581096091456,,-0.021450611974669506,-0.3785493880253305,,-0.45240327662135255,-0.037596723378647445,,1.1844819985782935,0.5755180014217065,,0.765582816298531,-3.575582816298531,,-0.3533262653041504,4.52332626530415,,0.0006535390055519246,0.009346460994448075,,-0.23995681304372363,5.059956813043724,,-0.5200592600813416,0.5700592600813417,,-0.10866503894384262,0.3086650389438426,,-0.1465677687919229,0.3465677687919229,,-0.2840454199725799,0.41404541997257993,,-0.3506518408033501,0.4306518408033501,,-0.4143548917312382,0.5443548917312382,,-0.1318870872531507,-0.30811291274684927,,-0.27935101121961525,0.31935101121961523,,0.05675468871236088,0.033245311287639114,,-0.09399712214522646,-0.2660028778547735,,0.2967006208244555,1.2232993791755447,,-0.4858021197390416,0.7258021197390416,,-0.4820676554189873,1.8920676554189872,,-0.17623878636424956,-1.0337612136357504,,-0.4445855936962734,-0.8054144063037266,,0.3699026205228638,,,,,,,,,,,,,,,,,,,,,,,,,,,,,,,,,,,,,,,,,,,,,,,,,,,,,,,,,,,,,,,,,,,,,,,,,,,,,,,,,,,,,,,,,,,,,,,,,,,,,,,,,,
2020-09-16,-0.27,-0.05,-0.2,0.15,-0.89,1.61,-0.84,-3.27,2.56,0.02,2.0,-1.37,-1.06,-1.08,-0.69,-0.07,-0.47,-0.47,-1.12,-0.67,-0.41,-0.07,6.6,2.17,2.36,0.48,0.08869429777186304,-0.35869429777186307,,0.2296211430479429,-0.2796211430479429,,-0.05778620925869406,-0.14221379074130597,,0.0074178094052656865,0.14258219059473431,,-0.8379457302412977,-0.05205426975870231,,2.1661163024541166,-0.5561163024541165,,1.125508154719136,-4.395508154719136,,-0.6175148700325194,3.1775148700325193,,0.00148816089963577,0.01851183910036423,,-0.4737636466093838,2.4737636466093837,,-0.815535660811138,-0.5544643391888621,,-0.18939159394693766,-0.8706084060530623,,-0.23880223167687664,-0.8411977683231234,,-0.43340329288582424,-0.2565967071141757,,-0.5395681447882412,0.4695681447882412,,-0.7391395472545094,0.2691395472545094,,-0.22848541890103824,-0.24151458109896173,,-0.44839442874869756,-0.6716055712513025,,0.07775958814530484,-0.7477595881453049,,-0.11033498114756378,-0.2996650188524362,,0.10441543574911744,-0.17441543574911744,,-0.908701401519102,7.508701401519102,,-0.7688303883477499,2.93883038834775,,-0.45721533586612606,2.817215335866126,,-0.6435525529001943,1.1235525529001942,,0.40374402087475036,,,,,,,,,,,,,,,,,,,,,,,,,,,,,,,,,,,,,,,,,,,,,,,,,,,,,,,,,,,,,,,,,,,,,,,,,,,,,,,,,,,,,,,,,,,,,,,,,,,,,,,,,,
2020-09-17,0.07,0.44,-0.17,0.07,-1.0,-2.38,-1.12,2.17,-0.35,0.04,0.24,0.1,0.61,0.57,-1.22,0.2,-0.88,-0.71,-1.09,0.18,2.07,-0.08,-1.23,-0.59,-0.62,-0.7,0.11586615679142157,-0.04586615679142156,,0.2931580724878806,0.14684192751211939,,-0.06246097052973383,-0.10753902947026618,,0.028689277790481103,0.0413107222095189,,-1.1220296434349417,0.12202964343494171,,2.889425789520514,-5.269425789520514,,1.390716298818529,0.7792837011814708,,-0.8121801577271072,0.4621801577271072,,0.0021031454531712356,0.037896854546828763,,-0.6460423660788177,0.8860423660788177,,-1.0332551139804618,1.1332551139804619,,-0.24887431868606033,0.8588743186860603,,-0.3067644674868426,0.8767644674868426,,-0.5434564624008464,-0.6765435375991535,,-0.6787696319350034,0.8787696319350033,,-0.9784545565874462,0.09845455658744617,,-0.2996631369573765,-0.41033686304262346,,-0.5729527364017056,-0.5170472635982944,,0.09323688246431619,0.0867631175356838,,-0.12237340357033866,2.1923734035703384,,-0.037268384832710666,-0.042731615167289336,,-1.2203113986201992,-0.009688601379800765,,-0.980129244189996,0.39012924418999606,,-0.6642506881306669,0.044250688130666904,,-0.7901597859978204,0.09015978599782049,,0.07870003247006772,,,,,,,,,,,,,,,,,,,,,,,,,,,,,,,,,,,,,,,,,,,,,,,,,,,,,,,,,,,,,,,,,,,,,,,,,,,,,,,,,,,,,,,,,,,,,,,,,,,,,,,,,,
2020-09-20,0.58,0.79,0.09,0.54,-1.01,7.55,-1.16,2.92,-3.96,0.0,-4.31,-10.1,-2.62,-3.44,-3.74,-5.75,-1.84,-3.38,-3.75,0.0,-0.63,-4.62,-8.03,-6.32,-8.35,-6.06,0.11974785093707277,0.4602521490629272,,0.30223477669358595,0.4877652233064141,,-0.06312879356845379,0.15312879356845377,,0.03172805898836901,0.508271941011631,,-1.162613059605462,0.152613059605462,,2.992755716244284,4.557244283755716,,1.4286031765470137,1.4913968234529862,,-0.8399894845406195,-3.1200105154593807,,0.0021910003893905873,-0.0021910003893905873,,-0.6706536117173082,-3.6393463882826915,,-1.0643578930046507,-9.035642106995349,,-0.25737185079164926,-2.362628149208351,,-0.31647335831683765,-3.123526641683162,,-0.5591783437601352,-3.180821656239865,,-0.698655558670255,-5.051344441329745,,-1.0126424150635798,-0.8273575849364203,,-0.30983138239399616,-3.070168617606004,,-0.5907467803521352,-3.159253219647865,,0.09544792450988923,-0.09544792450988923,,-0.12409317820216362,-0.5059068217978364,,-0.05750893063011464,-4.5624910693698855,,-1.2648271124917843,-6.765172887508215,,-1.0103147950246025,-5.3096852049753975,,-0.6938271670256011,-7.6561728329743985,,-0.8111036764403383,-5.248896323559661,,-2.2655919658734587,,,,,,,,,,,,,,,,,,,,,,,,,,,,,,,,,,,,,,,,,,,,,,,,,,,,,,,,,,,,,,,,,,,,,,,,,,,,,,,,,,,,,,,,,,,,,,,,,,,,,,,,,,
2020-09-21,0.54,0.64,0.26,-0.39,1.0,-3.31,1.05,-4.17,0.68,-0.04,0.66,0.54,-0.15,-0.08,-0.4,1.0,0.52,0.43,0.54,0.0,-1.29,1.1,0.8,0.92,3.08,1.4,-0.09471575061015691,0.634715750610157,,-0.19925313067163664,0.8392531306716366,,-0.02623157067917563,0.28623157067917565,,-0.1361646021949383,-0.2538353978050617,,1.0796206838157985,-0.07962068381579845,,-2.7162227352440578,-0.5937772647559423,,-0.6646468179517673,-3.505353182048233,,0.6964758219059476,-0.01647582190594754,,-0.0026629848367286206,-0.037337015163271384,,0.6891177098092944,-0.0291177098092944,,0.6540706480817969,-0.1140706480817969,,0.2121167980421403,-0.36211679804214025,,0.21994286004039335,-0.29994286004039333,,0.30945560134057504,-0.7094556013405751,,0.400041893452402,0.5999581065475981,,0.876236765742813,-0.35623676574281293,,0.2519641779792446,0.1780358220207554,,0.39237414790910646,0.14762585209089357,,-0.02671214850802172,0.02671214850802172,,-0.029075629793833414,-1.2609243702061665,,1.0607812246764567,0.03921877532354334,,1.1946660789133037,-0.39466607891330363,,0.6574368885874116,0.2625631114125885,,0.9402732919195232,2.139726708080477,,0.34604627050878145,1.0539537294912185,,-0.0694205958551797,,,,,,,,,,,,,,,,,,,,,,,,,,,,,,,,,,,,,,,,,,,,,,,,,,,,,,,,,,,,,,,,,,,,,,,,,,,,,,,,,,,,,,,,,,,,,,,,,,,,,,,,,,
2020-09-22,0.4,0.08,0.44,0.46,-2.44,6.4,-2.37,7.59,0.12,-0.01,1.06,-5.79,-2.04,-2.43,0.62,0.12,-1.92,1.2,0.18,-0.06,0.17,-2.79,-7.0,-4.94,-3.43,-3.56,0.23716909884302206,0.16283090115697796,,0.5768050789161739,-0.4968050789161739,,-0.08333044048973279,0.5233304404897328,,0.12365119022447846,0.33634880977552156,,-2.390261398763709,-0.049738601236291036,,6.118485999638354,0.2815140003616463,,2.5746812278336764,5.0153187721663235,,-1.6812216206493735,1.8012216206493736,,0.004848612210025992,-0.014848612210025992,,-1.4151437922816472,2.4751437922816475,,-2.005216958486371,-3.784783041513629,,-0.514422196985715,-1.525577803014285,,-0.6101673059241904,-1.8198326940758096,,-1.0347652548786237,1.6547652548786238,,-1.3002048424116193,1.4202048424116192,,-2.0468251339666272,0.1268251339666273,,-0.6174208068517434,1.8174208068517435,,-1.129016609852634,1.309016609852634,,0.16233194638847398,-0.22233194638847398,,-0.1761163608148693,0.3461163608148693,,-0.669785441001586,-2.120214558998414,,-2.61142745710724,-4.38857254289276,,-1.9234277077714519,-3.0165722922285485,,-1.5885156535973661,-1.841484346402634,,-1.4446563623265083,-2.115343637673492,,-0.15869414653435368,,,,,,,,,,,,,,,,,,,,,,,,,,,,,,,,,,,,,,,,,,,,,,,,,,,,,,,,,,,,,,,,,,,,,,,,,,,,,,,,,,,,,,,,,,,,,,,,,,,,,,,,,,
2020-09-23,-0.1,-0.22,0.03,0.27,0.26,-0.24,0.3,3.76,0.41,0.01,0.9,0.4,0.45,0.45,-0.83,-0.38,0.2,-1.3,-0.12,-1.11,-1.72,4.9,9.13,5.09,4.65,3.18,-0.021933985379196608,-0.0780660146208034,,-0.02906492681466063,-0.19093507318533937,,-0.038753252655175006,0.06875325265517501,,-0.0791874547345399,0.34918745473453994,,0.31868163061853794,-0.05868163061853793,,-0.7787866091733536,0.5387866091733536,,0.0457321394573213,3.7142678605426784,,0.17505094415258762,0.23494905584741235,,-0.001015704782615767,0.011015704782615767,,0.22765685408759667,0.6723431459124034,,0.0708935413782513,0.3291064586217487,,0.05278807106234745,0.39721192893765256,,0.0379011569779846,0.4120988430220154,,0.01467032585390865,-0.8446703258539086,,0.02718076716643239,-0.40718076716643237,,0.23521441931530412,-0.03521441931530411,,0.061309576042624415,-1.3613095760426244,,0.05873582383854929,-0.1787358238385493,,0.014744889846472955,-1.1247448898464731,,-0.061321404140551816,-1.658678595859448,,0.6812709909751316,4.218729009024869,,0.35999644382107926,8.77000355617892,,0.09145781043853796,4.998542189561462,,0.3857143126395036,4.264285687360497,,-0.04665167528843123,3.2266516752884313,,1.0102967428960135,,,,,,,,,,,,,,,,,,,,,,,,,,,,,,,,,,,,,,,,,,,,,,,,,,,,,,,,,,,,,,,,,,,,,,,,,,,,,,,,,,,,,,,,,,,,,,,,,,,,,,,,,,
2020-09-24,0.35,0.03,0.19,-0.08,1.7,-7.47,1.6,-3.17,-0.05,0.01,-0.17,-0.41,-0.59,-0.55,-0.69,-1.28,1.34,0.34,-1.1,0.51,-0.12,-0.47,0.7,3.79,2.4,3.17,-0.14808904511286114,0.4980890451128611,,-0.3240578135000858,0.3540578135000858,,-0.017049003896776087,0.20704900389677608,,-0.17794784366589717,0.09794784366589716,,1.637642656160456,0.062357343839543944,,-4.137009227695908,-3.3329907723040915,,-1.1855913867184322,-1.9844086132815677,,1.078854065591745,-1.128854065591745,,-0.0038709902097447133,0.013870990209744714,,1.0275223373385394,-1.1975223373385393,,1.081733859664397,-1.491733859664397,,0.32895786449398834,-0.9189578644939883,,0.3534401089528264,-0.9034401089528264,,0.5256314700307971,-1.215631470030797,,0.6734733860621129,-1.953473386062113,,1.3463198197896529,-0.006319819789652792,,0.3917775527327661,-0.051777552732766075,,0.6370422522275151,-1.737042252227515,,-0.05711397663465114,0.5671139766346511,,-0.005428728606239927,-0.11457127139376007,,1.3390887293907618,-1.8090887293907618,,1.8067571446476016,-1.1067571446476017,,1.0724882125632522,2.717511787436748,,1.3469498767248709,1.053050123275129,,0.634024764093404,2.535975235906596,,-0.417136387862465,,,,,,,,,,,,,,,,,,,,,,,,,,,,,,,,,,,,,,,,,,,,,,,,,,,,,,,,,,,,,,,,,,,,,,,,,,,,,,,,,,,,,,,,,,,,,,,,,,,,,,,,,,
2020-09-27,-0.29,-0.68,-0.1,-0.17,1.63,-0.72,1.61,-0.43,1.22,0.01,0.89,2.19,0.81,0.99,2.4,3.44,1.51,1.46,2.47,1.32,-0.06,-0.77,-0.88,-0.98,-1.81,-1.77,-0.14905946864927394,-0.14094053135072604,,-0.3263269895515121,-0.3536730104484879,,-0.016882048137096095,-0.08311795186290391,,-0.17870753896536914,0.008707538965369133,,1.6477885102030863,-0.01778851020308636,,-4.162841709376851,3.442841709376851,,-1.1950631061505534,0.7650631061505535,,1.085806397295123,0.1341936027048769,,-0.0038929539437995517,0.013892953943799552,,1.0336751487481621,-0.14367514874816212,,1.0895095544204445,1.1004904455795554,,0.3310822475203856,0.47891775247961443,,0.35586733166032514,0.6341326683396749,,0.5295619403706193,1.8704380596293806,,0.6784448677459258,2.761555132254074,,1.3548667844086864,0.15513321559131366,,0.394319614091921,1.065680385908079,,0.6414907632151224,1.8285092367848779,,-0.0576667371460444,1.3776667371460445,,-0.00499878494828368,-0.05500121505171632,,1.3441488658401128,-2.1141488658401126,,1.817886073115498,-2.697886073115498,,1.0800346002719037,-2.0600346002719037,,1.3543439964486046,-3.1643439964486046,,0.6392607367040335,-2.4092607367040335,,0.09220584249264738,,,,,,,,,,,,,,,,,,,,,,,,,,,,,,,,,,,,,,,,,,,,,,,,,,,,,,,,,,,,,,,,,,,,,,,,,,,,,,,,,,,,,,,,,,,,,,,,,,,,,,,,,,
2020-09-28,-0.65,-0.22,0.14,0.06,-0.46,0.31,-0.48,11.56,-3.3,0.01,-3.21,3.7,1.38,1.35,-0.23,-0.4,-0.48,-0.51,-0.52,0.12,0.21,1.38,1.63,0.73,1.0,0.88,0.0537590504610021,-0.7037590504610021,,0.1479308051965944,-0.3679308051965944,,-0.05177580191021436,0.19177580191021437,,-0.019931221375725554,0.07993122137572556,,-0.47269498470661275,0.012694984706612733,,1.2361469619401788,-0.9261469619401788,,0.7845262551627734,10.775473744837226,,-0.3672309287109066,-2.9327690712890933,,0.0006974664736616006,0.0093025335263384,,-0.25226243586296887,-2.957737564137031,,-0.5356106495934361,4.235610649593436,,-0.11291380499663708,1.492913804996637,,-0.15142221420692045,1.5014222142069205,,-0.2919063606522244,0.06190636065222441,,-0.3605948041709759,-0.03940519582902413,,-0.4314488209693051,-0.04855117903069489,,-0.13697120997146056,-0.37302879002853945,,-0.2882480331948301,-0.2317519668051699,,0.05786020973514741,0.062139790264852585,,-0.09485700946113895,0.3048570094611389,,0.2865803479257535,1.0934196520742465,,-0.5080599766748343,2.138059976674834,,-0.4971604308362905,1.2271604308362905,,-0.1910270258117167,1.1910270258117168,,-0.4550575389175323,1.3350575389175323,,0.6589104675049469,,,,,,,,,,,,,,,,,,,,,,,,,,,,,,,,,,,,,,,,,,,,,,,,,,,,,,,,,,,,,,,,,,,,,,,,,,,,,,,,,,,,,,,,,,,,,,,,,,,,,,,,,,
2020-09-29,0.2,-0.45,-0.18,-0.37,0.81,0.38,0.82,-0.03,-0.19,-0.03,2.3,-3.89,-0.39,-0.76,-0.59,-0.14,1.2,-0.53,-0.24,-1.5,-0.2,-0.6,-0.13,-0.42,1.23,-1.46,-0.07239600927266242,0.27239600927266244,,-0.14706208148883065,-0.30293791851116936,,-0.030071553151815443,-0.14992844684818454,,-0.1186916103070828,-0.2513083896929172,,0.8462660408353051,-0.03626604083530505,,-2.122075656582375,2.5020756565823747,,-0.4467972710129801,0.41679727101298014,,0.5365721927282504,-0.7265721927282505,,-0.0021578189534673456,-0.027842181046532653,,0.5476030473879737,1.7523969526120262,,0.47522966869270955,-4.3652296686927095,,0.1632559884350038,-0.5532559884350038,,0.1641167377679213,-0.9241167377679214,,0.21905478352466398,-0.809054783524664,,0.28569781472470457,-0.4256978147247046,,0.6796565795050434,0.5203434204949565,,0.19349676671868105,-0.7234967667186811,,0.29005839519413557,-0.5300583951941356,,-0.013998656745976681,-1.4860013432540233,,-0.03896433392682706,-0.16103566607317293,,0.9443980863413837,-1.5443980863413835,,0.9387007241516881,-1.0687007241516882,,0.4838699712884236,-0.9038699712884235,,0.7702085382736504,0.45979146172634955,,0.2256189004643028,-1.6856189004643027,,-0.41352266325353165,,,,,,,,,,,,,,,,,,,,,,,,,,,,,,,,,,,,,,,,,,,,,,,,,,,,,,,,,,,,,,,,,,,,,,,,,,,,,,,,,,,,,,,,,,,,,,,,,,,,,,,,,,
2020-09-30,-0.25,0.23,0.05,0.0,0.67,1.25,0.53,-1.76,-0.05,0.03,-3.61,3.23,1.11,1.31,0.43,-0.68,0.13,0.23,0.24,0.0,0.0,-1.44,-1.76,-1.44,0.04,-0.34,-0.0442537267166911,-0.2057462732833089,,-0.08125597599746662,0.3112559759974666,,-0.0349132701825352,0.0849132701825352,,-0.09666044662239542,0.09666044662239542,,0.5520362735990312,0.11796372640096886,,-1.3729336878350364,2.6229336878350367,,-0.17211740748146592,-1.587882592518534,,0.33495457333028467,-0.38495457333028466,,-0.0015208706658770424,0.03152087066587704,,0.3691715165089174,-3.9791715165089174,,0.24973452076733862,2.9802654792326613,,0.10164888066948392,1.0083511193305161,,0.09372727925045662,1.2162727207495434,,0.10507114366981968,0.3249288563301803,,0.14152484589412972,-0.8215248458941298,,0.43179460555307353,-0.3017946055530735,,0.11977698730318795,0.11022301269681206,,0.16105157655352015,0.07894842344647984,,0.0020313980844279197,-0.0020313980844279197,,-0.051432700007558174,0.051432700007558174,,0.7976541293102046,-2.2376541293102044,,0.6159617985826947,-2.375961798582695,,0.2650247277375259,-1.705024727737526,,0.5557790662853763,-0.5157790662853763,,0.07377569475604731,-0.41377569475604736,,-0.21137042047486518,,,,,,,,,,,,,,,,,,,,,,,,,,,,,,,,,,,,,,,,,,,,,,,,,,,,,,,,,,,,,,,,,,,,,,,,,,,,,,,,,,,,,,,,,,,,,,,,,,,,,,,,,,
2020-10-01,0.28,-0.37,-0.16,0.0,-1.0,3.48,-0.96,-2.32,-4.06,-0.01,-4.28,-0.93,-0.44,-0.5,0.02,-0.24,-0.48,0.39,0.01,-0.67,0.0,-0.45,-2.09,-1.83,-2.99,-1.32,0.10033938020881669,0.17966061979118333,,0.25685125566505906,-0.6268512556650591,,-0.05978967837485396,-0.10021032162514604,,0.01653415299892943,-0.01653415299892943,,-0.9596959787528593,-0.04030402124714072,,2.4761060826254297,1.0038939173745702,,1.23916878790459,-3.55916878790459,,-0.7009428504730569,-3.359057149526943,,0.0017517257082938268,-0.011751725708293827,,-0.5475973835248554,-3.7324026164751447,,-0.9088439978837053,-0.02115600211629476,,-0.2148841902637045,-0.2251158097362955,,-0.267928904166862,-0.232071095833138,,-0.48056893696369085,0.5005689369636909,,-0.5992259249939964,0.3592259249939964,,-0.8417031226829108,0.3617031226829108,,-0.25899015521089747,0.6489901552108974,,-0.5017765605999867,0.5117765605999867,,0.084392714282024,-0.754392714282024,,-0.11549430504303873,0.11549430504303873,,0.0436937983569054,-0.4936937983569054,,-1.042248543133858,-1.047751456866142,,-0.8593870408515696,-0.9706129591484305,,-0.5459447725509292,-2.4440552274490708,,-0.7063842242277484,-0.6136157757722517,,-0.560285820309674,,,,,,,,,,,,,,,,,,,,,,,,,,,,,,,,,,,,,,,,,,,,,,,,,,,,,,,,,,,,,,,,,,,,,,,,,,,,,,,,,,,,,,,,,,,,,,,,,,,,,,,,,,
2020-10-04,-0.57,-0.31,0.37,0.0,1.82,1.19,1.8,5.68,5.14,-0.04,5.78,2.21,0.65,0.81,0.97,1.25,1.68,0.69,1.06,1.23,0.0,1.09,0.16,0.99,-0.78,-0.66,-0.16749751584111722,-0.40250248415888273,,-0.36944133452861266,0.059441334528612666,,-0.013709888703176257,0.38370988870317624,,-0.19314174965533673,0.19314174965533673,,1.8405597370130589,-0.0205597370130588,,-4.653658861314763,5.843658861314763,,-1.3750257753608557,7.055025775360855,,1.2179006996593074,3.922099300340692,,-0.004310264890841475,-0.03568973510915853,,1.1505785655309921,4.629421434469008,,1.2372477547853427,0.9727522452146573,,0.3714455250219331,0.2785544749780669,,0.40198456310280206,0.408015436897198,,0.6042408768272415,0.3657591231727585,,0.7729030197383715,0.4770969802616285,,1.5172591121703218,0.1627408878296781,,0.4426187799158648,0.24738122008413516,,0.7260124719796636,0.3339875280203365,,-0.06816918686251638,1.2981691868625163,,0.0031701445528849875,-0.0031701445528849875,,1.4402914583777817,-0.35029145837778164,,2.029335714005528,-1.8693357140055282,,1.223415966736285,-0.23341596673628495,,1.4948322711995428,-2.274832271199543,,0.738744216305994,-1.398744216305994,,0.770862065393627,,,,,,,,,,,,,,,,,,,,,,,,,,,,,,,,,,,,,,,,,,,,,,,,,,,,,,,,,,,,,,,,,,,,,,,,,,,,,,,,,,,,,,,,,,,,,,,,,,,,,,,,,,
2020-10-05,0.42,0.78,-0.09,0.0,-1.36,5.44,-1.4,-2.06,3.29,0.04,3.62,-2.6,-0.59,-0.79,0.48,0.62,-1.34,0.12,0.85,0.52,0.0,-1.73,-3.59,-1.85,-0.77,-0.72,0.14303801581098005,0.27696198418901996,,0.3566950019278183,0.42330499807218175,,-0.06713573180077359,-0.022864268199226406,,0.04996074617569649,-0.04996074617569649,,-1.4061135566285854,0.046113556628585295,,3.6127352765869096,1.8272647234130908,,1.655924442917922,-3.715924442917922,,-1.0068454454216949,4.296845445421695,,0.0027181300067067008,0.0372818699932933,,-0.8183210855482514,4.438321085548251,,-1.2509745671497852,-1.349025432850215,,-0.30835704342518294,-0.281642956574817,,-0.37472670329680846,-0.4152732967031916,,-0.6535096319158684,1.1335096319158684,,-0.8179711190817651,1.437971119081765,,-1.2177695659203827,-0.12223043407961742,,-0.3708408550137146,0.4908408550137146,,-0.6975110440547135,1.5475110440547135,,0.10871417678332754,0.4112858232166725,,-0.13441182599311352,0.13441182599311352,,-0.1789522054145386,-1.5510477945854615,,-1.5319213957212963,-2.0580786042787036,,-1.1914281000322422,-0.6585718999677579,,-0.8712860403952074,0.10128604039520739,,-0.9367670190954464,0.21676701909544638,,0.25365604406538506,,,,,,,,,,,,,,,,,,,,,,,,,,,,,,,,,,,,,,,,,,,,,,,,,,,,,,,,,,,,,,,,,,,,,,,,,,,,,,,,,,,,,,,,,,,,,,,,,,,,,,,,,,
2020-10-06,-0.23,-0.31,0.32,0.0,1.75,-4.82,1.74,1.71,-1.55,0.05,-1.71,-0.1,-0.94,-0.86,-0.27,0.0,1.91,-0.06,0.03,-0.05,0.0,0.64,0.26,1.24,1.34,-0.28,-0.16167497462264038,-0.06832502537735963,,-0.3558262782200546,0.045826278220054584,,-0.014711623261256208,0.3347116232612562,,-0.18858357785850485,0.18858357785850485,,1.7796846127572779,-0.02968461275727785,,-4.4986639712291066,-0.32133602877089373,,-1.3181954587681286,3.0281954587681286,,1.1761867094390386,-2.7261867094390384,,-0.004178482486512446,0.05417848248651245,,1.1136616970732565,-2.8236616970732564,,1.1905935862490589,-1.290593586249059,,0.35869922686354966,-1.2986992268635495,,0.38742122685780933,-1.2474212268578093,,0.5806580547883081,-0.8506580547883081,,0.7430741296354939,-0.7430741296354939,,1.465977324456121,0.444022675543879,,0.42736641176093515,-0.48736641176093515,,0.699321406054019,-0.669321406054019,,-0.06485262379415682,0.014852623794156819,,0.0005904826051475048,-0.0005904826051475048,,1.4099306396816758,-0.7699306396816757,,1.9625621431981501,-1.7025621431981501,,1.1781376404843753,0.06186235951562469,,1.4504675528571411,-0.11046755285714105,,0.7073283806422169,-0.987328380642217,,-0.45980670135243135,,,,,,,,,,,,,,,,,,,,,,,,,,,,,,,,,,,,,,,,,,,,,,,,,,,,,,,,,,,,,,,,,,,,,,,,,,,,,,,,,,,,,,,,,,,,,,,,,,,,,,,,,,
2020-10-07,0.02,-0.12,0.05,0.0,0.77,-6.06,0.8,0.0,3.22,-0.02,3.08,-0.08,0.22,0.2,0.61,1.1,0.43,0.53,0.76,0.96,0.0,2.37,2.74,0.97,1.23,0.55,-0.07045516219983682,0.09045516219983682,,-0.142523729385978,0.022523729385977992,,-0.03040546467117542,0.08040546467117543,,-0.11717221970813885,0.11717221970813885,,0.825974332750045,-0.05597433275004493,,-2.0704106932204898,-3.98958930677951,,-0.4278538321487378,0.4278538321487378,,0.5226675293214943,2.697332470678506,,-0.0021138914853576695,-0.01788610851464233,,0.5352974245687285,2.5447025754312715,,0.459678279180615,-0.539678279180615,,0.15900722238220932,0.06099277761779068,,0.15926229235292375,0.040737707647076266,,0.2111938428450196,0.39880615715498036,,0.2757548513570788,0.8242451486429213,,0.6625626502669767,-0.2325626502669767,,0.18841264400037122,0.3415873559996288,,0.28116137321892076,0.47883862678107925,,-0.01289313572319016,0.9728931357231901,,-0.03982422124273955,0.03982422124273955,,0.9342778134426817,1.4357221865573184,,0.9164428672158955,1.8235571327841047,,0.4687771958711203,0.5012228041288797,,0.7554202988261833,0.47457970117381665,,0.21514695524304386,0.3348530447569562,,0.34125441449778215,,,,,,,,,,,,,,,,,,,,,,,,,,,,,,,,,,,,,,,,,,,,,,,,,,,,,,,,,,,,,,,,,,,,,,,,,,,,,,,,,,,,,,,,,,,,,,,,,,,,,,,,,,
2020-10-08,-0.56,-0.87,-0.4,-1.42,0.9,-5.16,0.88,1.75,-1.13,0.03,-1.35,5.16,1.63,1.99,0.71,-0.14,0.57,0.65,0.07,-0.12,1.68,1.19,4.12,0.71,1.3,1.84,-0.07821855049113925,-0.4817814495088608,,-0.16067713779738874,-0.7093228622026113,,-0.02906981859373549,-0.37093018140626455,,-0.12324978210391468,-1.2967502178960852,,0.907141165091086,-0.007141165091085977,,-2.277070546668032,-2.8829294533319683,,-0.5036275876057072,2.253627587605707,,0.5782861829485193,-1.7082861829485192,,-0.0022896013577963737,0.03228960135779637,,0.5845199158457095,-1.9345199158457096,,0.5218838372289932,4.638116162771007,,0.17600228659338724,1.4539977134066127,,0.178680074012914,1.811319925987086,,0.24263760556359734,0.4673623944364026,,0.31552670482758216,-0.4555267048275822,,0.7309383672192442,-0.16093836721924426,,0.2087491348736107,0.44125086512638934,,0.31674946111978014,-0.24674946111978013,,-0.017315219814336258,-0.10268478018566374,,-0.03638467197908959,1.7163846719790896,,0.9747589050374896,0.21524109496251032,,1.0054742949590663,3.1145257050409336,,0.5291482975403335,0.18085170245966642,,0.8145732566160521,0.485426743383948,,0.2570347361280798,1.5829652638719203,,0.3090691804156035,,,,,,,,,,,,,,,,,,,,,,,,,,,,,,,,,,,,,,,,,,,,,,,,,,,,,,,,,,,,,,,,,,,,,,,,,,,,,,,,,,,,,,,,,,,,,,,,,,,,,,,,,,
2020-10-11,0.11,-0.12,-0.27,0.77,1.62,0.28,1.64,2.09,-2.64,0.0,-2.88,0.65,0.12,0.19,0.66,0.79,0.88,-0.25,0.63,-0.26,2.64,1.43,3.34,0.27,0.3,-0.55,-0.15197073925851234,0.26197073925851233,,-0.3331345177057911,0.21313451770579112,,-0.016381180858056125,-0.2536188191419439,,-0.18098662486378506,0.950986624863785,,1.6782260723309763,-0.05822607233097621,,-4.2403391544196785,4.520339154419679,,-1.2234782644469169,3.3134782644469167,,1.1066633924052571,-3.7466633924052575,,-0.003958845145964065,0.003958845145964065,,1.05213358297703,-3.9321335829770296,,1.1128366386885862,-0.46283663868858615,,0.3374553965995773,-0.2174553965995773,,0.36314899978282145,-0.17314899978282144,,0.5413533513900859,0.11864664860991414,,0.6933593127973645,0.09664068720263552,,1.3805076782657864,-0.5005076782657863,,0.40194579816938575,-0.6519457981693857,,0.6548362961779447,-0.024836296177944694,,-0.05932501868022418,-0.20067498131977582,,-0.0037089539744149524,2.643708953974415,,1.3593292751881658,0.07067072481183412,,1.8512728585191869,1.488727141480813,,1.1026737633978585,-0.8326737633978585,,1.376526355619805,-1.076526355619805,,0.6549686545359219,-1.204968654535922,,0.01330945663490732,,,,,,,,,,,,,,,,,,,,,,,,,,,,,,,,,,,,,,,,,,,,,,,,,,,,,,,,,,,,,,,,,,,,,,,,,,,,,,,,,,,,,,,,,,,,,,,,,,,,,,,,,,
2020-10-12,0.57,0.99,0.16,0.0,-0.53,3.99,-0.63,-0.73,1.75,-0.03,1.91,-4.52,-1.77,-2.06,-0.64,-1.07,-0.55,-0.53,-0.81,0.18,0.04,-0.95,-1.41,0.19,-1.41,-1.11,0.06831540350719417,0.5016845964928058,,0.1819684459679896,0.8080315540320104,,-0.054280138305414234,0.21428013830541423,,-0.008535791883645873,0.008535791883645873,,-0.6248827953460648,0.09488279534606481,,1.6236341871543198,2.3663658128456806,,0.926602046644591,-1.656602046644591,,-0.47151590426157863,2.2215159042615786,,0.001026922484484171,-0.03102692248448417,,-0.34455460700730844,2.254554607007308,,-0.6522460709341452,-3.8677539290658545,,-0.14477955039259566,-1.6252204496074043,,-0.1878305548194022,-1.872169445180598,,-0.3508634157495577,-0.2891365842504423,,-0.43516702942816987,-0.6348329705718302,,-0.5596532902548069,0.009653290254806879,,-0.1751021303587846,-0.3548978696412154,,-0.3549756980089416,-0.4550243019910585,,0.06615161740604633,0.11384838259395366,,-0.10130616433048263,0.14130616433048263,,0.21067830118548841,-1.1606783011854884,,-0.6749939036932792,-0.7350060963067208,,-0.6103562464660652,0.8003562464660652,,-0.3019388216677206,-1.1080611783322794,,-0.5335971280769749,-0.5764028719230252,,-0.18583837243712212,,,,,,,,,,,,,,,,,,,,,,,,,,,,,,,,,,,,,,,,,,,,,,,,,,,,,,,,,,,,,,,,,,,,,,,,,,,,,,,,,,,,,,,,,,,,,,,,,,,,,,,,,,
2020-10-13,0.0,-0.61,-0.3,-0.47,-0.64,1.27,-0.66,-1.79,2.05,0.01,2.1,1.1,0.68,0.71,-0.12,0.25,-0.58,-0.58,0.25,0.11,-0.56,-0.03,-0.55,-2.9,-0.15,0.05,0.07122667411643258,-0.07122667411643258,,0.18877597412226868,-0.7987759741222686,,-0.05478100558445421,-0.2452189944155458,,-0.006256705985229934,-0.46374329401477005,,-0.6553203574739552,0.015320357473955215,,1.701131632197148,-0.4311316321971479,,0.9550172049409547,-2.7450172049409547,,-0.492372899371713,2.542372899371713,,0.0010928136866486856,0.008907186313351315,,-0.3630130412361764,2.4630130412361764,,-0.6755731552022871,1.775573155202287,,-0.1511526994717874,0.8311526994717875,,-0.19511222294189856,0.9051122229418985,,-0.3626548267690244,0.2426548267690244,,-0.45008147447960867,0.7000814744796087,,-0.5852941841119073,0.005294184111907296,,-0.18272831443624943,-0.39727168556375053,,-0.3683212309717639,0.6183212309717638,,0.06780989894022613,0.042190101059773874,,-0.10259599530435137,-0.4574040046956487,,0.19549789183743538,-0.22549789183743538,,-0.7083806890969682,0.15838068909696812,,-0.6329954095920203,-2.2670045904079794,,-0.32412118083892144,0.17412118083892145,,-0.5493050459088634,0.5993050459088635,,0.11459647495907944,,,,,,,,,,,,,,,,,,,,,,,,,,,,,,,,,,,,,,,,,,,,,,,,,,,,,,,,,,,,,,,,,,,,,,,,,,,,,,,,,,,,,,,,,,,,,,,,,,,,,,,,,,
2020-10-14,0.33,0.77,0.28,0.14,-0.15,2.16,-0.15,2.26,-0.37,0.02,-0.24,-0.7,0.09,0.0,-2.11,-2.68,-0.07,-1.73,-2.77,-0.51,-0.26,0.72,-0.45,-1.31,-0.53,-1.44,0.021735073759379574,0.30826492624062046,,0.07304799549952497,0.696952004500475,,-0.04626626184077463,0.3262662618407747,,-0.045001166258300855,0.18500116625830088,,-0.1378818012998182,-0.012118198700181798,,0.38367506646906896,1.7763249335309312,,0.4719595139027744,1.7880404860972254,,-0.13780398249942827,-0.23219601750057173,,-2.7336750148054985e-05,0.020027336750148055,,-0.04921965934542191,-0.19078034065457808,,-0.27901272264387605,-0.4209872773561239,,-0.042809165125528244,0.13280916512552823,,-0.07132386485946063,0.07132386485946063,,-0.16220083943809116,-1.9477991605619087,,-0.19653590860514936,-2.483464091394851,,-0.1493989885412012,0.0793989885412012,,-0.05308318511934768,-1.6769168148806524,,-0.14144717060378498,-2.628552829396215,,0.039619112859169754,-0.5496191128591698,,-0.08066886874858285,-0.17933113125141714,,0.4535648507543365,0.26643514924566347,,-0.14080533723425545,-0.3091946627657446,,-0.24812963645078617,-1.061870363549214,,0.05297892507149188,-0.5829789250714918,,-0.2822704427667588,-1.1577295572332411,,-0.29933439231480885,,,,,,,,,,,,,,,,,,,,,,,,,,,,,,,,,,,,,,,,,,,,,,,,,,,,,,,,,,,,,,,,,,,,,,,,,,,,,,,,,,,,,,,,,,,,,,,,,,,,,,,,,,
2020-10-15,-0.09,-0.01,-0.04,-0.4,-0.02,1.63,0.01,0.31,-0.53,0.0,-0.29,0.75,-0.13,-0.04,2.03,1.87,0.39,1.49,1.7,-0.41,0.13,-1.57,-3.25,-2.3,-3.97,0.13,0.006208297176774708,-0.0962082971767747,,0.03674117867670342,-0.046741178676703424,,-0.04359496968589477,0.003594969685894768,,-0.057156291049852516,-0.3428437089501475,,0.02445186338226398,-0.04445186338226398,,-0.02964464042601463,1.6596446404260146,,0.32041200298883554,-0.010412002988835545,,-0.02656667524537818,-0.5034333247546219,,-0.0003787564950254637,0.0003787564950254637,,0.049225323208540256,-0.33922532320854026,,-0.15460160654711966,0.9046016065471196,,-0.008819036703172443,-0.12118096329682757,,-0.032488301539480104,-0.007511698460519897,,-0.09931331400093568,2.1293133140009353,,-0.11699220166414251,1.9869922016641426,,-0.01264755463666599,0.402647554636666,,-0.012410203372868713,1.5024102033728688,,-0.07027099480206613,1.770270994802066,,0.030774944676877556,-0.44077494467687756,,-0.07378977022128293,0.20378977022128292,,0.5345270339439525,-2.1045270339439526,,0.03725751825208578,-3.2872575182520856,,-0.1273874331123598,-2.17261256688764,,0.1712848406512294,-4.141284840651229,,-0.19849488099668677,0.3284948809966868,,-0.1063971681714737,,,,,,,,,,,,,,,,,,,,,,,,,,,,,,,,,,,,,,,,,,,,,,,,,,,,,,,,,,,,,,,,,,,,,,,,,,,,,,,,,,,,,,,,,,,,,,,,,,,,,,,,,,
2020-10-18,-0.4,-0.26,0.02,-0.24,-1.59,6.46,-1.63,0.28,-0.72,-0.01,-0.15,1.2,0.28,0.37,0.14,-0.44,-1.44,-0.59,-0.08,1.11,-0.71,2.14,0.37,1.34,1.0,-0.04,0.16535775714847456,-0.5653577571484746,,0.40888605111062426,-0.6688860511106243,,-0.0709757142734134,0.0909757142734134,,0.06743373806355202,-0.307433738063552,,-1.6394681996090785,0.049468199609078445,,4.206882355248592,2.2531176447514083,,1.8737739898567092,-1.5937739898567092,,-1.1667490745993918,0.44674907459939184,,0.0032232958899679758,-0.013223295889967976,,-0.9598357479695719,0.8098357479695719,,-1.4298155465388724,2.6298155465388726,,-0.3572178530323194,0.6372178530323194,,-0.43055282556928043,0.8005528255692804,,-0.7439104497317794,0.8839104497317795,,-0.9323151978094626,0.4923151978094626,,-1.414349752158152,-0.025650247841847884,,-0.42930826627427815,-0.16069173372572182,,-0.7998267967696844,0.7198267967696844,,0.12142766854537257,0.9885723314546275,,-0.14430053012610716,-0.5656994698738929,,-0.2953353437496117,2.4353353437496117,,-1.7878867504829117,2.157886750482912,,-1.3649950173312297,2.70499501733123,,-1.04135079404108,2.04135079404108,,-1.057194389139925,1.0171943891399249,,0.6637847458978021,,,,,,,,,,,,,,,,,,,,,,,,,,,,,,,,,,,,,,,,,,,,,,,,,,,,,,,,,,,,,,,,,,,,,,,,,,,,,,,,,,,,,,,,,,,,,,,,,,,,,,,,,,
2020-10-19,-0.48,0.04,0.07,-0.07,0.41,0.58,0.47,-0.61,1.27,-0.02,1.56,1.14,0.2,0.29,-0.27,-0.82,0.4,0.08,0.56,-0.44,0.47,1.36,-2.86,-0.95,-2.28,0.13,-0.03843118549821427,-0.4415688145017857,,-0.06764091968890854,0.10764091968890854,,-0.03591500474061515,0.10591500474061516,,-0.09210227482556355,0.02210227482556354,,0.4911611493432503,-0.0811611493432503,,-1.2179387977493799,1.7979387977493797,,-0.11528709088873879,-0.4947129091112612,,0.2932405831100159,0.9767594168899841,,-0.0013890882615480138,-0.018610911738451988,,0.3322546480511815,1.2277453519488186,,0.20308035223105494,0.936919647768945,,0.08890258251110049,0.11109741748889952,,0.07916394300546391,0.21083605699453606,,0.08148832163088637,-0.3514883216308864,,0.11169595579125213,-0.9316959557912521,,0.38051281783887275,0.01948718216112727,,0.10452461914825831,-0.024524619148258306,,0.13436051062787557,0.4256394893721245,,0.005347961152787496,-0.4453479611527875,,-0.05401236195529564,0.5240123619552957,,0.7672933106140986,0.5927066893859015,,0.5491882277753167,-3.4091882277753167,,0.21974640148561592,-1.1697464014856158,,0.5114143479429747,-2.7914143479429745,,0.042359859092270274,0.08764014090772973,,-0.11588534106707735,,,,,,,,,,,,,,,,,,,,,,,,,,,,,,,,,,,,,,,,,,,,,,,,,,,,,,,,,,,,,,,,,,,,,,,,,,,,,,,,,,,,,,,,,,,,,,,,,,,,,,,,,,
2020-10-20,-0.32,-1.57,-0.88,-0.38,-0.25,-2.39,-0.22,2.7,-3.31,0.01,-3.33,1.04,0.74,0.77,-1.53,-1.6,-0.35,-1.91,-2.03,0.31,-0.09,7.51,6.2,3.2,13.02,1.09,0.028528038514269202,-0.3485280385142692,,0.0889322278595094,-1.6589322278595096,,-0.04743495215853458,-0.8325650478414655,,-0.039683299161997004,-0.34031670083800303,,-0.20890277959822917,-0.04109722040177083,,0.564502438235668,-2.954502438235668,,0.5382615499276227,2.1617384500723773,,-0.18647030442307522,-3.123529695576925,,0.00012640938823581135,0.00987359061176419,,-0.09228933921278036,-3.23771066078722,,-0.333442585936207,1.373442585936207,,-0.05767984631030891,0.7976798463103089,,-0.0883144238119521,0.8583144238119521,,-0.1897141318168467,-1.3402858681831533,,-0.23133628039183984,-1.3686637196081604,,-0.20922774087443535,-0.14077225912556462,,-0.07087761463343223,-1.8391223853665677,,-0.17258674751703698,-1.8574132524829627,,0.04348843643892259,0.2665115635610774,,-0.08367847435427657,-0.006321525645723428,,0.4181438956088795,7.091856104391121,,-0.21870783650952974,6.41870783650953,,-0.3009543504113477,3.500954350411348,,0.0012200870053567237,13.018779912994642,,-0.3189222510411653,1.4089222510411654,,0.685269995199405,,,,,,,,,,,,,,,,,,,,,,,,,,,,,,,,,,,,,,,,,,,,,,,,,,,,,,,,,,,,,,,,,,,,,,,,,,,,,,,,,,,,,,,,,,,,,,,,,,,,,,,,,,
2020-10-21,0.36,0.51,0.25,0.48,0.5,-1.88,0.52,-2.27,1.75,-0.03,1.56,-2.11,-1.25,-1.37,-0.05,-0.12,0.54,0.16,-0.05,-0.7,-0.38,1.3,5.84,2.45,2.52,0.89,-0.0432833031802783,0.4032833031802783,,-0.07898679994604027,0.5889867999460403,,-0.03508022594221519,0.28508022594221516,,-0.09590075132292344,0.5759007513229234,,0.541890419556401,-0.04189041955640105,,-1.3471012061540937,-0.5328987938459062,,-0.1626456880493447,-2.1073543119506555,,0.32800224162690655,1.4219977583730934,,-0.001498906931822204,-0.028501093068177795,,0.36301870509929474,1.1969812949007053,,0.24195882601129134,-2.351958826011291,,0.09952449764308668,-1.3495244976430867,,0.09130005654295784,-1.461300056542958,,0.10114067332999746,-0.15114067332999748,,0.13655336421031677,-0.25655336421031677,,0.42324764093404005,0.11675235906595999,,0.11723492594403301,0.042765074055966995,,0.15660306556591275,-0.20660306556591274,,0.0025841585958211837,-0.7025841585958211,,-0.05186264366551442,-0.3281373563344856,,0.7925939928608536,0.5074060071391464,,0.6048328701147984,5.235167129885202,,0.2574783400288742,2.192521659971126,,0.5483849465616427,1.9716150534383572,,0.06853972214541779,0.8214602778545822,,0.22467196455463792,,,,,,,,,,,,,,,,,,,,,,,,,,,,,,,,,,,,,,,,,,,,,,,,,,,,,,,,,,,,,,,,,,,,,,,,,,,,,,,,,,,,,,,,,,,,,,,,,,,,,,,,,,
2020-10-22,-0.35,0.31,-0.12,0.03,0.35,-1.99,0.34,-2.35,-1.63,0.02,-1.93,-0.14,0.04,0.01,1.2,0.71,-0.1,1.29,1.09,0.18,-1.04,-0.31,-1.33,-0.96,2.0,-0.1,-0.02581567952484783,-0.32418432047515217,,-0.03814163102036603,0.34814163102036605,,-0.038085429616455044,-0.08191457038354495,,-0.08222623593242781,0.11222623593242781,,0.3592650467890586,-0.009265046789058595,,-0.8821165358971246,-1.1078834641028754,,0.007845261728836539,-2.3578452617288366,,0.20286027096610018,-1.8328602709661002,,-0.0011035597188351193,0.02110355971883512,,0.25226809972608727,-2.182268099726087,,0.10199632040244042,-0.24199632040244043,,0.06128560316793641,-0.021285603167936408,,0.04761004780797974,-0.03761004780797974,,0.030392207213197547,1.1696077927868025,,0.04706669390168411,0.6629333060983158,,0.26940227779143794,-0.36940227779143797,,0.07147782147924417,1.2185221785207558,,0.07652986778897904,1.0134701322110211,,0.012533847800899903,0.1674661521991001,,-0.059601629508726835,-0.9803983704912732,,0.7015115367725355,-1.0115115367725356,,0.4045121576926646,-1.7345121576926648,,0.12164336127314457,-1.0816433612731444,,0.41529079153443804,1.5847092084655618,,-0.025707784845913212,-0.0742922151540868,,-0.27502664337584487,,,,,,,,,,,,,,,,,,,,,,,,,,,,,,,,,,,,,,,,,,,,,,,,,,,,,,,,,,,,,,,,,,,,,,,,,,,,,,,,,,,,,,,,,,,,,,,,,,,,,,,,,,
2020-10-25,0.44,0.16,0.12,0.41,-1.83,17.82,-1.86,1.82,-3.14,-0.01,-3.14,-1.03,0.04,-0.08,-1.9,-3.52,-2.29,-1.16,-1.76,-0.09,-0.82,0.23,-2.95,-1.98,-3.44,0.5,0.18767749848596907,0.2523225015140309,,0.46107710029343024,-0.30107710029343027,,-0.0748156967460532,0.1948156967460532,,0.08490672995140755,0.32509327004859245,,-1.8728228425895719,0.04282284258957181,,4.801029433910275,13.018970566089726,,2.0916235367954963,-0.2716235367954962,,-1.326652703777089,-1.8133472962229111,,0.003728461773229251,-0.013728461773229252,,-1.1013504103908927,-2.0386495896091077,,-1.60865652592796,0.5786565259279599,,-0.4060786626394559,0.4460786626394559,,-0.4863789478417525,0.4063789478417525,,-0.8343112675476906,-1.0656887324523092,,-1.0466592765371598,-2.47334072346284,,-1.6109299383959215,-0.6790700616040786,,-0.48777567753484175,-0.6722243224651582,,-0.9021425494846553,-0.8578574505153447,,0.1341411603074176,-0.2241411603074176,,-0.1541892342591008,-0.6658107657408991,,-0.41171848208468476,0.6417184820846847,,-2.0438521052445275,-0.9061478947554726,,-1.5385619346302177,-0.44143806536978225,,-1.2114155476869528,-2.228584452313047,,-1.1776217591844036,1.6776217591844036,,0.11275960157637327,,,,,,,,,,,,,,,,,,,,,,,,,,,,,,,,,,,,,,,,,,,,,,,,,,,,,,,,,,,,,,,,,,,,,,,,,,,,,,,,,,,,,,,,,,,,,,,,,,,,,,,,,,
2020-10-26,0.12,-0.17,-0.4,-0.11,-0.26,2.74,-0.3,1.78,1.83,-0.03,2.52,0.61,0.32,0.35,-1.77,-0.87,-0.8,-1.09,-1.53,-0.04,0.1,4.56,2.29,1.8,1.82,0.35,0.03629142680557163,0.08370857319442837,,0.10708563627092016,-0.2770856362709202,,-0.04877059823597451,-0.3512294017640255,,-0.03360573676622117,-0.07639426323377883,,-0.2900696119392703,0.03006961193927027,,0.7711622916832098,1.9688377083167903,,0.6140353053845922,1.1659646946154079,,-0.24208895805010025,2.0720889580501005,,0.0003021192606745157,-0.030302119260674516,,-0.14151183048976146,2.6615118304897614,,-0.39564814398458514,1.005648143984585,,-0.07467491052148681,0.39467491052148684,,-0.10773220547194237,0.4577322054719424,,-0.22115789453542445,-1.5488421054645756,,-0.2711081338623432,-0.5988918661376568,,-0.277603457826703,-0.522396542173297,,-0.09121410550667172,-0.9987858944933283,,-0.2081748354178964,-1.3218251645821035,,0.04791052053006868,-0.08791052053006868,,-0.08711802361792653,0.18711802361792654,,0.3776628040140715,4.182337195985928,,-0.3077392642527003,2.5977392642527004,,-0.3613254520805609,2.161325452080561,,-0.057932870784512036,1.877932870784512,,-0.3608100319262013,0.7108100319262013,,0.6055321523585065,,,,,,,,,,,,,,,,,,,,,,,,,,,,,,,,,,,,,,,,,,,,,,,,,,,,,,,,,,,,,,,,,,,,,,,,,,,,,,,,,,,,,,,,,,,,,,,,,,,,,,,,,,
2020-10-27,0.44,0.47,-0.11,0.35,-3.47,20.78,-3.53,-0.6,-5.05,0.03,-5.39,-4.93,-1.71,-2.04,-3.37,-4.54,-3.43,-2.55,-4.06,-0.29,0.46,-2.77,-3.72,-2.83,-3.5,-3.42,0.3497382290669073,0.09026177093309268,0.09026177093309268,0.8400295008816301,-0.3700295008816301,-0.3700295008816301,-0.10269730861261181,-0.007302691387388191,-0.007302691387388191,0.211775844963228,0.138224155036772,0.138224155036772,-3.5671804677088046,0.0971804677088044,0.0971804677088044,9.115053874627709,11.664946125372293,11.664946125372293,3.673400681959733,-4.273400681959733,-4.273400681959733,-2.4876920982412365,-2.5623079017587633,-2.5623079017587633,0.0073964053603872044,0.022603594639612794,0.022603594639612794,-2.128869915797873,-3.2611300842021267,-3.2611300842021267,-2.907197550187855,-2.022802449812145,-2.022802449812145,-0.7608506280477946,-0.9491493719522054,-0.9491493719522054,-0.8917251399940491,-1.148274860005951,-1.148274860005951,-1.490699814298001,-1.879300185701999,-1.879300185701999,-1.8768967177339186,-2.663103282266081,-2.663103282266081,-3.0382730297745075,-0.39172697022549263,-0.39172697022549263,-0.9122999245137159,-1.637700075486284,-1.637700075486284,-1.6450438844150956,-2.414956115584904,-2.414956115584904,0.22645216571009238,-0.5164521657100923,-0.5164521657100923,-0.22598982513779375,0.6859898251377938,0.6859898251377938,-1.256761269126302,-1.513238730873698,-1.513238730873698,-3.9023831593832137,0.18238315938321348,0.18238315938321348,-2.798808681975043,-0.031191318024957226,-0.031191318024957226,-2.446233541550463,-1.053766458449537,-1.053766458449537,-2.05202918515953,-1.36797081484047,-1.36797081484047,-0.5839313292658415,-0.5839313292658415,1.0,0.04761372064404538,0.9622872666809679,0.04761372064404538,0.9622872666809679,-0.19519317096152847,0.84633922653033,-0.19519317096152847,0.84633922653033,-0.0038522212014488314,0.9969476479097146,-0.0038522212014488314,0.9969476479097146,0.07291421646334165,0.9422779986623957,0.07291421646334165,0.9422779986623957,0.05126338198011405,0.9593990394021747,0.05126338198011405,0.9593990394021747,6.153341335979541,4.3379468483983885e-07,6.153341335979541,4.3379468483983885e-07,-2.2542489934274554,0.030361725242733062,-2.2542489934274554,0.030361725242733062,-1.351635486177267,0.18492431417224675,-1.351635486177267,0.18492431417224675,0.011923555560631956,0.990552438702319,0.011923555560631956,0.990552438702319,-1.720269115129492,0.09397021061792854,-1.720269115129492,0.09397021061792854,-1.0670425559768713,0.29305637388874883,-1.0670425559768713,0.29305637388874883,-0.5006829865891151,0.6196417154510807,-0.5006829865891151,0.6196417154510807,-0.6057230856619351,0.5484988370235664,-0.6057230856619351,0.5484988370235664,-0.9913440997589751,0.32813434640732764,-0.9913440997589751,0.32813434640732764,-1.4048057601489927,0.1686493652690424,-1.4048057601489927,0.1686493652690424,-0.20663873903915017,0.8374563123270131,-0.20663873903915017,0.8374563123270131,-0.8638983379878186,0.3933634099781167,-0.8638983379878186,0.3933634099781167,-1.273906379926029,0.21085982565727135,-1.273906379926029,0.21085982565727135,-0.27243215915141167,0.7868463065536839,-0.27243215915141167,0.7868463065536839,0.3618644699867437,0.7195687776554132,0.3618644699867437,0.7195687776554132,-0.7982441010710769,0.42996341834677265,-0.7982441010710769,0.42996341834677265,0.0962084026413328,0.9238886504550679,0.0962084026413328,0.9238886504550679,-0.01645364020234834,0.9869633390184063,-0.01645364020234834,0.9869633390184063,-0.5558692374191619,0.5817388203995488,-0.5558692374191619,0.5817388203995488,-0.7216142510133391,0.4751927088156236,-0.7216142510133391,0.4751927088156236,-4.76222869523249,2.9337115213357023e-05,-4.76222869523249,2.9337115213357023e-05
2020-10-28,0.6,0.44,0.31,-0.21,1.16,-6.68,1.2,3.83,-3.76,-0.04,-3.21,0.21,-0.45,-0.54,-0.03,0.43,0.52,-0.02,-0.14,-0.37,0.11,1.34,-0.35,-1.23,-1.61,-0.27,-0.10927210365634897,0.709272103656349,0.7995338745894416,-0.2332907714430318,0.6732907714430318,0.30326127056140173,-0.023727234283975756,0.33372723428397577,0.32642454289658757,-0.147560031687018,-0.062439968312981986,0.07578418672379,1.2318084944552503,-0.0718084944552504,0.025371973253554003,-3.1037099604581986,-3.576290039541801,8.088656085830491,-0.8067226094335849,4.636722609433585,0.3633219274738524,0.8007607974566194,-4.560760797456619,-7.123068699215382,-0.0029924408475511914,-0.03700755915244881,-0.014403964512836018,0.7814098809536338,-3.9914098809536336,-7.25253996515576,0.770706069422506,-0.560706069422506,-2.583508519234651,0.24398254343809883,-0.6939825434380988,-1.6431319153903043,0.2563512006528751,-0.7963512006528751,-1.944626060658826,0.3684126564379083,-0.39841265643790835,-2.2777128421399073,0.47461411870959586,-0.04461411870959586,-2.7077174009756773,1.0044412350283147,-0.4844412350283147,-0.8761682052538073,0.2900950983665686,-0.3100950983665686,-1.9477951738528527,0.4591018127232178,-0.5991018127232178,-3.0140579283081217,-0.03500355617892064,-0.33499644382107935,-0.8514486095311717,-0.022626474924489735,0.13262647492448973,0.8186163000622836,1.1366832714167217,0.20331672858327843,-1.3099220022904197,1.3616000059317486,-1.7116000059317487,-1.5292168465485352,0.7706327042171862,-2.0006327042171863,-2.0318240222421435,1.051185087775527,-2.661185087775527,-3.714951546225064,0.42458585966822393,-0.694585859668224,-2.062556674508694,-0.6500563712977261,-1.2339877005635675,2.0,0.4069517077400327,0.6864530034720331,0.32437835504780405,0.7475289401515388,0.3863070714777479,0.7015431095702009,0.1230359278334867,0.9027629839480558,0.1914792182169679,0.8492260669977854,0.13243348360492932,0.8953788899908017,-0.03582553381870074,0.9716193907892439,0.030746351854975255,0.9756416544872664,-0.041200816017097325,0.9673634632898014,0.010293646348043566,0.991843837386839,-2.0519308900810134,0.047503765469856685,3.2816432662298523,0.002298656778966901,2.6603643009482507,0.01158296649344237,0.14740309689477932,0.8836363242315037,-2.6167804789599107,0.01289495026298959,-2.88989545155977,0.006490480753342576,-0.021233443862718467,0.9831766913128244,-0.005843822836449453,0.9953695946015892,-2.2901099013637793,0.027980048871043106,-2.9424231525196105,0.005666727249562076,-0.32171051323660443,0.749532617115142,-1.0481535183880137,0.3015541653063045,-0.3981791751543924,0.6928497821558168,-0.6666339535827005,0.5092561378207918,-0.4569141791928306,0.6504779539104999,-0.7889529421921146,0.4353047718688978,-0.22859310282588807,0.8204787708772521,-0.9240893581700893,0.3615926974641712,-0.02559778074534746,0.979719526681766,-1.098546220963837,0.27925903294874965,-0.27795282921486786,0.7826387304079581,-0.3554696182339464,0.7243122382843259,-0.17792005239110734,0.8597831583636915,-0.7902386809925709,0.4345632485709654,-0.3437404411382144,0.7330411132951111,-1.2228314320083367,0.22933851178216114,-0.1922074394256431,0.84865985616868,-0.3454406475388989,0.7317735523567235,0.07609571867246606,0.939764273528213,0.3321202731602559,0.7417244910811838,0.1166549332513583,0.9077818693541415,-0.5314475819577781,0.5983728551893164,-0.9820470053609449,0.3326308798634625,-0.6204175469732557,0.5388909553993959,-1.1478823026377118,0.25858812801416686,-0.8243299690334633,0.41518053163684243,-1.5268806012526803,0.13552976413553464,-1.507190514305066,0.14048777153521752,-0.3985253336581472,0.692596932554447,-0.8367984928888146,0.40822647693658354,-5.301508841467514,5.5388513791054805e-06,-7.116137056282175,1.9860886713019e-08
2020-10-29,0.21,-0.13,0.03,-0.33,-1.39,1.14,-1.21,1.52,-0.5,-0.02,-0.99,1.22,0.64,0.7,0.54,-0.03,-0.59,-0.08,0.4,-1.52,-1.47,0.76,-1.13,-1.45,-1.66,0.3,0.12459996861913679,0.0854000313808632,0.8849339059703047,0.3135806569507177,-0.4435806569507177,-0.14031938638931596,-0.06396357236685375,0.09396357236685375,0.42038811526344133,0.035526535485728906,-0.36552653548572894,-0.28974234876193894,-1.2133423298186128,-0.17665767018138712,-0.1512856969278331,3.1219181246489978,-1.9819181246489979,6.106737961181493,1.4759617737076196,0.04403822629238041,0.4073601537662328,-0.8747511430575102,0.3747511430575102,-6.748317556157872,0.002300819059664778,-0.02230081905966478,-0.0367047835725008,-0.7014176687654213,-0.28858233123457866,-7.541122296390339,-1.103236366784887,2.323236366784887,-0.260272152449764,-0.26799376592363544,0.9079937659236355,-0.7351381494666689,-0.32860947185433165,1.0286094718543315,-0.9160165888044944,-0.5788306954592464,1.1188306954592464,-1.158882146680661,-0.7235129670893197,0.6935129670893196,-2.0142044338863574,-1.0553772381587472,0.4653772381587472,-0.41079096709506013,-0.3225416891897709,0.24254168918977087,-1.7052534846630818,-0.6129893352901724,1.0129893352901724,-2.0010685930179495,0.09821172706685555,-1.6182117270668557,-2.4696603365980274,-0.12624289649194487,-1.343757103508055,-0.5251408034457715,-0.08280961287686961,0.8428096128768696,-0.46711238941355004,-1.320471754831266,0.19047175483126622,-1.338745091717269,-1.0480467335678607,-0.40195326643213924,-2.433777288674283,-0.7307977656442691,-0.9292022343557308,-4.644153780580795,-0.8372835394934859,1.137283539493486,-0.9252731350152081,0.11500457465867246,-1.118983125904895,3.0,0.049075884606760815,0.9611300919285075,0.29360288198657236,0.7707474119421045,-0.25490755427500567,0.8002451288825614,-0.04655508842473152,0.9631251332109199,0.05399699930026095,0.9572361021241567,0.13947613642277093,0.8898513006375173,-0.21005306188009715,0.834810573528384,-0.09613055625525832,0.9239500406692374,-0.10151789521079371,0.9197026817744196,-0.050193484871229974,0.9602456665785308,-1.1389268084873025,0.26225595861744333,2.0260901439568717,0.05021497764007132,0.02530695688123102,0.9799498882225961,0.1351537265612158,0.8932432010495628,0.21535406434362592,0.8307067269614437,-2.23895306720796,0.03143167265430624,-0.012815363239475413,0.9898458583439858,-0.012177892797274353,0.9903509261738812,-0.1658363932450707,0.8692135531417058,-2.501989385530109,0.017032453234123723,1.3350683601284283,0.1902355717294857,-0.08635295081875131,0.9316643579552228,0.5217866616628885,0.605014653849981,-0.24390372872539973,0.8086900509409274,0.5910995456315032,0.5581471172143875,-0.303915477309707,0.7629420139189604,0.6429459710615968,0.5243334634653285,-0.3844932778060437,0.7028748850563562,0.3985333704900068,0.6925910625180443,-0.6682716332930423,0.508222570359651,0.26743315276590796,0.7906619041968095,-0.1362919999103392,0.8923497700933465,0.1393787304119575,0.8899277146208826,-0.5657680581983789,0.5750612590732898,0.5821232957733997,0.5641117596512171,-0.663913431273364,0.5109756385061885,-0.9299197049784202,0.3586067241650437,-0.8193825408441758,0.4179599556641185,-0.7722019241090575,0.4450349004101506,-0.17423092538347887,0.8626601044794402,0.4843280106368028,0.6310867639349236,-0.15497829026347026,0.8777041042209324,0.10945628133622794,0.9134484707713844,-0.4441681062526245,0.6595796698951029,-0.23098600552920387,0.8186334431413309,-0.8074772830460559,0.4246948795851839,-0.5339742959369067,0.5966414653736676,-1.5408347732730139,0.13210208178866045,0.6535500613628308,0.517554638839993,-0.3069866090929643,0.7606223393571172,0.9379152274825119,0.3543704057961534,-5.2687959668034114,6.1316648534148754e-06
2020-11-01,0.07,0.18,0.07,-0.03,1.2,-2.34,1.23,-2.71,4.03,0.0,2.85,1.6,0.67,0.77,2.11,1.73,1.6,1.39,2.55,1.39,0.02,-1.44,-3.22,-1.93,-3.27,-2.4,-0.11218337426558739,0.1821833742655874,1.0671172802358921,-0.24009829959731085,0.4200982995973108,0.27977891320799486,-0.023226367004935782,0.09322636700493579,0.5136144822683771,-0.14983911758543395,0.11983911758543395,-0.169903231176505,1.2622460565831408,-0.06224605658314086,-0.21353175351097398,-3.181207405501027,0.8412074055010272,6.947945366682521,-0.8351377677299485,-1.8748622322700514,-1.4675020785038186,0.8216177925667539,3.2083822074332464,-3.5399353487246255,-0.0030583320497157055,0.0030583320497157055,-0.033646451522785094,0.7998683151825018,2.050131684817498,-5.49099061157284,0.7940331536906478,0.8059668463093523,0.5456946938595884,0.25035569251729056,0.4196443074827095,-0.3154938419839594,0.2636328687753714,0.5063671312246286,-0.4096494575798658,0.380204067457375,1.7297959325426249,0.570913785861964,0.48952856376103465,1.2404714362389653,-0.7737329976473921,1.030082128885415,0.5699178711145851,0.159126904019525,0.29772128244403345,1.0922787175559665,-0.6129747671071153,0.4724473456860402,2.0775526543139597,0.07648406129601026,-0.036661837713100436,1.4266618377131004,-1.042998498884927,-0.021336643950621,0.041336643950621005,-0.48380415949515054,1.1518636807647749,-2.591863680764775,-3.058976070178325,1.3949867913354375,-4.614986791335438,-5.953731883052707,0.7932718673431411,-2.723271867343141,-5.157049156017424,1.0733674469467278,-4.343367446946727,-8.987521227527523,0.44029377750011245,-2.8402937775001122,-3.7655669125153204,-0.08549121869392759,-1.2044743445988226,4.0,0.1044615415618493,0.917382921522246,0.3059354800351431,0.7614160226057176,0.24087881871960679,0.8110156505329622,0.08021076755225766,0.9365138784334075,0.05345476803689783,0.9576651096289686,0.14724988161661326,0.8837563802467636,0.06871416786987673,0.9455973973411278,-0.048710134820434736,0.9614195429561816,-0.035691067052814024,0.9717258673733724,-0.061218144175010265,0.9515240916948653,0.4823372204303247,0.6324862914005904,1.991930072151099,0.054005811608089704,-1.075021251464513,0.28951770475311966,-0.4207231586957253,0.6764582977875415,1.8396439996741942,0.07407828180306142,-1.0148760968110635,0.31693750338102333,0.001753607220248193,0.9986105062064154,-0.009646215546080335,0.9923568117734374,1.1755184415929432,0.24750340567301143,-1.5742307614479378,0.12418259830071765,0.46213074904673196,0.6467684133171008,0.15644706651330675,0.8765547056829293,0.24061850563484063,0.8112158650074304,-0.09045000187248187,0.9284310157897813,0.29034422782654234,0.7732189050387215,-0.1174437953278464,0.9071611883037505,0.9918421504115875,0.32789462935269587,0.16367721371520724,0.8709007171991687,0.711269944446518,0.4815005181120193,-0.22182414289267116,0.8257043474528751,0.3267833830626463,0.7457241708779165,0.04562063296075383,0.9638647539288703,0.6262981960404309,0.5350707011898777,-0.17573581938705993,0.8614862892791806,1.191241263481976,0.24135382723482146,0.02192747549028509,0.9826268975220782,0.8180290625077189,0.41872231386012215,-0.2990207846336788,0.7666436345611656,0.023701885901949757,0.9812212955182344,-0.13870345886014399,0.8904574872605009,-1.4861404159534177,0.14594789481523374,-0.8769882465394495,0.38630805420036074,-2.6461724976488927,0.011995984982717367,-1.7068956293535262,0.09645446737960395,-1.561488135245365,0.12715763138604275,-1.4784919505401088,0.1479732453293341,-2.4904295515801684,0.017510301977504916,-2.5766630078953052,0.014222309561371826,-1.628586953569417,0.11212177844372162,-1.0795631767205247,0.2875167395419118,-0.697220228560931,0.49002298390504206,-4.911521268889212,1.8535707515310307e-05
2020-11-02,-0.64,-1.07,-0.24,-0.21,1.83,-4.26,1.78,-5.33,1.9,0.03,2.18,1.25,0.95,0.98,2.44,2.61,2.06,2.33,3.19,0.0,1.42,3.38,1.14,1.82,0.14,0.1,-0.16555666876829161,-0.4744433312317084,0.5926739490041837,-0.36490298242575997,-0.7050970175742401,-0.4253181043662453,-0.014043800222536238,-0.22595619977746376,0.2876582824909134,-0.19162235905639277,-0.01837764094360722,-0.1882808721201122,1.8202680289277984,0.009731971072201695,-0.20379978243877228,-4.601993897952878,0.3419938979528778,7.289939264635398,-1.3560823364966135,-3.9739176635033866,-5.441419742007206,1.2039960362525512,0.6960039637474487,-2.843931384977177,-0.004266337422731799,0.034266337422731795,0.0006198858999467011,1.1382729427117468,1.0417270572882533,-4.449263554284587,1.221696365273248,0.028303634726752014,0.5739983285863404,0.3671967589691386,0.5828032410308613,0.26730939904690193,0.3971301176878045,0.5828698823121955,0.17322042473232968,0.596379936147597,1.843620063852403,2.414533849714367,0.7629600563707457,1.8470399436292542,1.073306945981862,1.5001651829322549,0.5598348170677452,0.7189617210872702,0.4375346571975549,1.8924653428024452,1.2794905756953299,0.7171154500044488,2.472884549995551,2.5493686112915612,-0.06706366583972986,0.06706366583972986,-0.9759348330451971,0.0023102572369724933,1.4176897427630275,0.933885583267877,1.4301711854790797,1.9498288145209202,-1.1091472556574047,2.007077857069736,-0.867077857069736,-6.820809740122443,1.2083231913189816,0.6116768086810185,-4.545372347336405,1.4800440317520756,-1.3400440317520754,-10.327565259279599,0.728272271084735,-0.628272271084735,-4.393839183600056,0.29794683545263323,-0.9065275091461894,5.0,-0.26813813207216963,0.7901234945786222,0.1497976737458969,0.8817603518342012,-0.398495214868306,0.6926189312438953,-0.10749867231911756,0.9149902585580512,-0.1277022340711655,0.8990953133568242,0.07270530723221431,0.9424430804265211,-0.010386374915880639,0.991770366682065,-0.04758777857847504,0.9623077983094652,0.005500156442089645,0.9956418988388416,-0.0515101656999479,0.9592037621232274,0.19328252488889905,0.8478240982211216,1.842523946642285,0.07364641626869806,-2.2459138724409673,0.030940654692277025,-1.37531271721532,0.17753305170749112,0.39335615123847745,0.6963764324755699,-0.7188004576180901,0.4769038269894288,0.019366088855401576,0.9846560019277355,0.00015667546372827353,0.9998758560664534,0.5887462819745966,0.559707746295528,-1.1245463571227887,0.26822372703482245,0.015996185944444918,0.9873257600851075,0.14507743169872273,0.8854589607655123,0.32937921586951696,0.74377784948005,0.06756214983789834,0.9465080392985676,0.3294168791003383,0.7437496225993907,0.04378126744692813,0.9653207042395133,1.0419470727700662,0.304383282942843,0.6102707137299601,0.5455160003315909,1.043879864559753,0.303500285369642,0.2712771229333399,0.7877274425877956,0.3163982971955777,0.7535275837956612,0.1817167660434138,0.8568243358215406,1.069552649655732,0.29193986271567995,0.3233898033497097,0.7482711833737379,1.397584496223223,0.1707917211515364,0.6443500480052107,0.523433169989747,0.037901947196714074,0.9699752652594775,-0.24666643094975788,0.8065675780696493,0.8012267313263213,0.42825719115820404,0.23603853038151765,0.8147405522768572,1.1019723995884267,0.27778670773758907,-0.2803357208770314,0.7808246478276712,-0.4900408998314534,0.6270782587147865,-1.723951987176823,0.09329554401894313,0.345697507193948,0.7315821210713618,-1.148837746426938,0.25819901215231233,-0.7573441966939096,0.45377249469646674,-2.6102804989124024,0.013101962144671297,-0.3550766595539445,0.7246040825882125,-1.1105379097946702,0.2741299917991322,2.4298935479796397,0.020073788890329736,-3.3063167417947956,0.002109123957745762
2020-11-03,-0.08,0.55,0.02,-0.42,2.32,-16.82,2.2,-0.56,3.83,0.01,3.9,-1.81,-0.74,-0.85,2.44,1.94,1.34,1.67,1.96,1.72,0.19,0.9,3.68,-0.85,1.33,1.17,-0.2063144572976294,0.1263144572976294,0.718988406301813,-0.4602083765856666,1.0102083765856666,0.5848902722194214,-0.007031658315976588,0.02703165831597659,0.31468994080689,-0.2235295616342159,-0.1964704383657841,-0.3847513104858963,2.2463938987182646,0.07360610128173528,-0.130193681157037,-5.686958128552472,-11.133041871447528,-3.8431026068121295,-1.753894552645703,1.193894552645703,-4.247525189361503,1.4959939677944327,2.3340060322055676,-0.5099253527716092,-0.0051888142530349965,0.015188814253034998,0.0158087001529817,1.3966910219158977,2.5033089780841022,-1.945954576200485,1.5482755450272336,-3.358275545027234,-2.7842772164408935,0.45642084607782263,-1.1964208460778227,-0.9291114470309207,0.4990734714027534,-1.3490734714027535,-1.1758530466704238,0.7614596904201303,1.6785403095798697,4.093074159294236,0.9717622870908886,0.9682377129091113,2.0415446588909734,1.85913769693166,-0.5191376969316599,0.1998240241556103,0.5443012342820623,1.1256987657179376,2.4051893414132675,0.9039529114839608,1.0560470885160391,3.6054156998076,-0.09027960731824689,1.8102796073182468,0.8343447742730496,0.020367890871134803,0.1696321091288652,1.1035176923967422,1.642696916351822,-0.7426969163518219,-1.8518441720092267,2.474492852721381,1.205507147278619,-5.615302592843824,1.5252714750823513,-2.3752714750823514,-6.920643822418757,1.7905970601488868,-0.4605970601488867,-10.788162319428485,0.9481831207311741,0.22181687926882587,-4.17202230433123,-0.2235256434788043,-1.1300531526249937,6.0,0.07039021444830082,0.9442726563070569,0.16357069164429625,0.8709839685343534,0.5629504791979931,0.576958097186639,0.13306321148493075,0.8948844136673406,0.015063708988365312,0.9880645292851022,0.0715923244660473,0.9433226116624165,-0.10948545863386897,0.9134254936575377,-0.08753136686992602,0.9307342436612034,0.04101786418411769,0.9675083018238542,-0.029619212615834667,0.9765343405348959,-6.2040183012986825,3.7129307806083034e-07,-0.8743102753069701,0.3877448734672333,0.665311757555771,0.5100914345170531,-0.966316879258251,0.34033275763140636,1.300652266141359,0.20164213130612652,-0.11600860585337584,0.9082904470855984,0.008464145081725388,0.9932934018570816,0.0035964975170059118,0.997150272603371,1.394998320600026,0.17156411601133348,-0.44270691035855453,0.6606264780925688,-1.871438478605471,0.06942817334244666,-0.6334262778522698,0.5304592255923535,-0.6667195642332541,0.509202079079933,-0.21137392574545244,0.8337875645212274,-0.7517870320639506,0.4570663205003256,-0.267507924230974,0.7906047944932153,0.9353862960678033,0.3558217652505662,0.9311790917892946,0.3579638654587898,0.5395618340663508,0.592821158814695,0.4644537644148564,0.645119432284716,-0.28929557706220177,0.7740147549126029,0.04546019595281103,0.9639917429642517,0.6273088545705232,0.5344155813428655,0.5471833490807506,0.5876291028244514,0.5884946396357023,0.5598747600313003,0.8202362298386986,0.41747954650531005,1.0087995665473888,0.31980349377588846,0.1898143983984611,0.8505208115166498,0.09452948454477887,0.9252127613630752,0.2510515477092161,0.8032017218620553,-0.41387657700111585,0.6814199586133391,-0.4212966848673433,0.6760433280136504,0.6717830122640591,0.5060103498695032,-1.2774878160106407,0.20960740681449486,-1.3236479187019898,0.19396449522126114,-1.574454451191347,0.12413088289103547,-0.25667311986104313,0.7988923735589184,-2.4543193696771612,0.019082898388207647,0.12361006043192282,0.9023116030264311,-0.9491398858362495,0.348878037799198,-1.8229544813658252,0.07639848249572712,-3.762458486841026,0.0005827930157944472
2020-11-04,-0.86,-1.2,-0.97,-0.68,2.01,-6.73,1.95,-2.93,-0.73,0.04,-0.91,5.43,2.67,2.94,1.24,2.06,1.95,0.39,1.93,1.73,1.3,10.19,3.59,3.37,7.98,3.64,-0.18205386888730926,-0.6779461311126908,0.04104227518912229,-0.40347897530000787,-0.7965210246999921,-0.21163075248057073,-0.011205552307976381,-0.9587944476920236,-0.6441045068851337,-0.2045371791474164,-0.4754628208525836,-0.8602141313384799,1.9927475476525107,0.017252452347489067,-0.11294122880954793,-5.0411460865289035,-1.688853913471097,-5.531956520283226,-1.5171015668426735,-1.4128984331573267,-5.660423622518829,1.3221856752099794,-2.052185675209979,-2.5621110279815884,-0.004639720901664045,0.04463972090166404,0.06044842105464574,1.2428707366753318,-2.152870736675332,-4.098825312875817,1.3538831761260517,4.076116823873948,1.291839607433054,0.40331127041789167,2.2666887295821083,1.3375772825511876,0.4383929037152837,2.501607096284716,1.3257540496142923,0.6631979319245748,0.5768020680754252,4.669876227369661,0.8474752449955654,1.2125247550044347,3.254069413895408,1.6454635814558236,0.30453641854417635,0.5043604426997866,0.4807497003031888,-0.0907497003031888,2.3144396411100785,0.792740136793775,1.137259863206225,4.742675563013825,-0.0764605945334153,1.8064605945334153,2.6408053688064648,0.009619299422228667,1.2903807005777714,2.3938983929745135,1.5161935051180468,8.673806494881953,6.821962322872727,2.196269641023973,1.3937303589760268,-4.221572233867796,1.33661178236606,2.03338821763394,-4.8872556047848175,1.6057440670555467,6.374255932944454,-4.413906386484031,0.8172838054654364,2.822716194534564,-1.3493061097966659,1.008687828412619,-0.12136532421237467,7.0,-0.3810887973094188,0.7053771849134016,0.008719938130396765,0.9930907284463477,-0.4477424169917262,0.6570219452108808,-0.044963566459614523,0.9643848409578681,-0.5389599647662359,0.5932321063942991,-0.13684795552066945,0.8919134521123722,-0.26726836580167174,0.7907877709812294,-0.18276311363344167,0.8560092716535559,0.009697992235683683,0.9923157877816413,-0.023995758594086456,0.9809885095442854,-0.9493428418267991,0.34877624799830675,-1.1753324681595534,0.2475768224683843,-0.7942220478912747,0.4322707552330083,-1.202626890267583,0.2369711145564266,-1.153579812510783,0.25627400961897173,-0.5443521233717571,0.5895552778291302,0.025092993041678006,0.9801193700627604,0.012843013435482898,0.9898239511881892,-1.2101771544233046,0.2340972581222196,-0.8708460476638998,0.3896085733660595,2.291277118955348,0.02790542805424212,0.27446727549348554,0.785294481240083,1.2741568130398762,0.2107720668335744,0.2841848093149053,0.777896985874265,1.4062097206737847,0.16823529780810365,0.2816728174909647,0.7798072669001639,0.3242334402700665,0.7476377325874934,0.9921728654571924,0.3277355181328885,0.681587488129981,0.4998614403610906,0.6913672263643149,0.4937694404604125,0.17118678336498505,0.8650354946244296,0.10715760360496025,0.915258914180803,-0.05101245151730763,0.9595976005570102,0.49173127912671094,0.6258943763569005,0.6392793964119452,0.5266883626981003,1.007639983199226,0.3203524114076024,1.0154522074308656,0.31666669514817425,0.561071707752575,0.5782246208376798,0.7253520695624822,0.47292511348597865,0.508613272071392,0.6141263331262379,4.875742088540274,2.1950243636492672e-05,1.449410129171256,0.15587918008932666,0.7834472414556951,0.4384886647768014,-0.8969251466372052,0.3757179909888455,1.1430133380205896,0.2605776505129864,-1.0383577982648824,0.30602775759058876,3.583112899016523,0.0009972918758172078,-0.9377889121922972,0.35460225883000174,1.5867123807543175,0.12132360838756417,-0.28667674348403704,0.7760033391806416,8.226313404073966,7.056120132631349e-10,-0.3741054810976822,0.7104612423565628
2020-11-05,-0.4,-0.09,-0.14,0.08,0.03,-9.86,-0.03,-1.72,-3.62,0.0,-4.14,1.86,0.25,0.5,-0.46,-0.71,-0.24,0.07,-0.25,0.91,-0.24,-0.06,9.38,5.29,7.07,4.46,0.010089991322425924,-0.41008999132242596,-0.36904771613330367,0.04581788288240881,-0.1358178828824088,-0.34744863536297954,-0.04426279272461473,-0.09573720727538529,-0.7398417141605189,-0.0541175098519646,0.1341175098519646,-0.7260966214865153,-0.016131552788256568,0.04613155278825656,-0.06680967602129137,0.07368528629775627,-9.933685286297756,-15.465641806580983,0.35829888071732025,-2.07829888071732,-7.738722503236149,-0.054376002058890704,-3.5656239979411093,-6.127735025922698,-0.00029090155880611156,0.00029090155880611156,0.06073932261345185,0.024614077570049714,-4.164614077570049,-8.263439390445868,-0.18570438557130875,2.045704385571309,3.337543993004363,-0.017316568808761392,0.26731656880876137,1.6048938513599489,-0.04219719236947524,0.5421971923694753,1.8679512419837676,-0.11503519536022455,-0.34496480463977547,4.324911422729886,-0.1368781283993942,-0.5731218716006058,2.680947542294802,-0.0468354131127998,-0.1931645868872002,0.31119585581258646,-0.022578448809488456,0.09257844880948846,2.407018089919567,-0.08806503875249584,-0.16193496124750417,4.580740601766321,0.03298598672245061,0.8770140132775495,3.5178193820840145,-0.07550954485310792,-0.1644904551468921,2.2294079378276215,0.5142864881465485,-0.5742864881465486,6.247675834726178,-0.00725819561949953,9.3872581956195,5.165685961751704,-0.1575729839469664,5.447572983946967,0.5603173791621492,0.141708361756295,6.928291638243706,2.5143852517596743,-0.21943877143920476,4.679438771439205,3.3301326616425393,0.30969544886961564,0.18833012465724097,8.0,-0.2384886122697477,0.8128545110669632,-0.0758797698590304,0.9399348765710309,-0.07898514739554797,0.9374818586482747,-0.07143879053204602,0.9434439470634095,-0.055676154475412194,0.9559076551854415,-0.15211859211813347,0.8799427447469728,0.07799629223460182,0.9382629149466295,-0.14929246849454844,0.8821560853188792,0.026827892021558532,0.9787451754493435,-0.013736713761482314,0.9891158798767199,-5.776953519431113,1.3806094818491488e-06,-3.1798851197379414,0.0030266321860434875,-1.2086386559830649,0.23468075959629298,-1.5911559857380386,0.12031881243187992,-2.073595398908685,0.04533042000364973,-1.2599214226167488,0.21580436269022907,0.00016917435327561982,0.999865952401503,0.012488590552982458,0.9901047598262807,-2.4219392158191946,0.020601320226941944,-1.699042838581313,0.09793854864172702,1.189683265509042,0.24195814981767683,0.6862312351828328,0.4969635818648048,0.1554584576090963,0.8773283170631982,0.3299816548529408,0.743326391884616,0.31531580560590566,0.754342502351298,0.38406879152293827,0.7031867009861119,-0.20061493643174827,0.842128777303004,0.8892435017776836,0.37977601189903387,-0.33330011146749594,0.7408412488229552,0.551228672121038,0.5848822141223238,-0.11233523187881873,0.9111816644842152,0.06398486940267001,0.9493362503581011,0.05383917249836423,0.9573609716549338,0.49490613469518635,0.623673535210413,-0.09417358385493646,0.925493477126206,0.9418444484300603,0.3525500195371314,0.5100291628508393,0.6131439806061816,0.7232975939126347,0.47417071852612747,-0.09565973617912146,0.9243213427800954,0.4583877743959556,0.6494291494767208,-0.33397739642871294,0.7403343851952382,1.2845824097218055,0.20714303216186503,5.459177808440904,3.672307343549619e-06,1.0621148561725813,0.2952569352329275,3.1680464012061695,0.0031243325306449243,0.11520665735127186,0.9089215333397727,4.029161143086109,0.0002768613739230208,0.5169818587132206,0.6083306914188684,2.7213364930049213,0.009953820148367987,0.6847073939734184,0.4979134818719526,2.5257088967020502,0.01595913554903028,0.543029309885166,0.5903662313680424
2020-11-08,0.52,-0.04,1.96,0.3,0.81,3.58,1.17,-1.06,7.48,-0.02,8.35,-7.65,-4.99,-5.2,7.57,5.16,2.95,4.67,5.43,2.12,1.86,-1.01,-2.28,-1.33,-2.94,-1.26,-0.10636083304711055,0.6263608330471105,0.25731311691380687,-0.22648324328875277,0.18648324328875276,-0.16096539207422678,-0.024228101563015733,1.9842281015630157,1.2443863874024967,-0.14528094578860207,0.44528094578860206,-0.28081567569791327,1.20137093232736,-0.39137093232736,-0.4581806083486514,-3.026212515415371,6.606212515415371,-8.859429291165611,-0.7783074511372212,-0.28169254886277884,-8.020415052098928,0.779903802346485,6.700096197653515,0.572361171730817,-0.002926549645386677,-0.017073450354613322,0.04366587225883853,0.762951446724766,7.587048553275234,-0.6763908371706338,0.7473789851543641,-8.397378985154365,-5.059834992150002,0.2376093943589071,-5.2276093943589075,-3.6227155429989586,0.2490695325303787,-5.449069532530379,-3.581118290546611,0.35662124541844165,7.213378754581559,11.538290177311445,0.45969967365815706,4.700300326341843,7.381247868636645,0.9788003411712143,1.971199658828786,2.2823955146413724,0.2824689142891038,4.387531085710896,6.794549175630463,0.44575627976039556,4.984243720239604,9.564984322005925,-0.03334527464474086,2.153345274644741,5.671164656728756,-0.023916305898358477,1.8839163058983586,4.11332424372598,1.1215028620686687,-2.1315028620686687,4.116172972657509,1.3282132205280595,-3.608213220528059,1.5574727412236449,0.7479935410912312,-2.077993541091231,-1.517676161929082,1.0290027286043264,-3.9690027286043263,-1.454617476844652,0.4088779418363354,-1.6688779418363353,1.661254719806204,0.7003784760984757,0.8887086007557167,9.0,0.359608970599465,0.7212405494572658,0.04924323713163072,0.9609976524527184,0.1070645602581509,0.9153322050312085,-0.030804713988025013,0.9755954329597598,1.1391935564782332,0.2621461703088501,0.23814415173697046,0.8131196042622759,0.25564660830341496,0.7996787982339952,-0.05374103378221314,0.9574386176700607,-0.2246955599252951,0.8234866413962014,-0.08768420598466901,0.9306136161733689,3.7927870915439943,0.000549342331655378,-1.6954711934950493,0.09861980872993281,-0.16172653553269728,0.8724254869549446,-1.5349050411483927,0.13355000751677082,3.8466879942576973,0.0004704106299806554,0.10953548440330714,0.9133860985534068,-0.009802282618367002,0.9922331559157822,0.008356546016741767,0.9933786563402494,4.355908888585084,0.00010539479320748057,-0.1294441371195738,0.8977267657877959,-4.82113927509547,2.5919041664712594e-05,-0.9683247296282542,0.3393430820219214,-3.001297548980216,0.004860567227126911,-0.6932963336031542,0.492572667387972,-3.128443194293368,0.003473378772555158,-0.6853356692145548,0.4975217189432617,4.141375979497145,0.0001991467568909222,2.208137564495942,0.033690055102471694,2.6985566029748687,0.010535878124902975,1.412584571988117,0.16636517132375728,1.1317136110011539,0.26523732701224056,0.4367929039284227,0.664870356440669,2.518988183743886,0.016351403038251444,1.3003052478283659,0.20175973588691765,2.861575403322515,0.006979911557489116,1.8304966213076659,0.07546431693485167,1.2362878339520558,0.22435722285899518,1.0853178001701491,0.2849955071637782,1.0816021176865327,0.2866216445420755,0.7871864581273333,0.4363247949103628,-1.2237475742687058,0.22899679317861454,0.7877316329555019,0.4360098408919253,-2.071562865170216,0.045530542449645495,0.2980609789427007,0.7673701438884364,-1.1930265731796652,0.24066269631262283,-0.2904449179554703,0.7731425015925444,-2.2787008865104417,0.028718922730822438,-0.2783770769527842,0.7823156624178367,-0.9581433688954489,0.3443813783088281,0.31792223064500974,0.7523808250615307,5.711908762615649,1.5421318195762979e-06,2.415942530742352,0.020747447795162577
2020-11-09,-0.02,-0.84,-0.08,-0.2,-0.24,-3.69,-0.14,2.47,2.85,0.07,2.58,3.23,1.19,1.47,1.55,0.63,0.9,1.79,0.49,0.26,-0.4,-0.15,1.33,1.32,-2.34,3.25,0.02076465022296677,-0.04076465022296677,0.2165484666908401,0.07077881944809863,-0.9107788194480986,-1.0717442115223252,-0.046099306081094645,-0.03390069391890536,1.2104856934835915,-0.04576086155777283,-0.1542391384422272,-0.43505481414014047,-0.12773594725718812,-0.11226405274281187,-0.5704446610914633,0.3578425847881263,-4.0478425847881265,-12.907271875953738,0.46248779447065325,2.007512205529347,-6.012902846569581,-0.13085165079605016,2.9808516507960503,3.5532128225268673,-4.930048420289301e-05,0.0700493004842029,0.11371517274304142,-0.04306684793579929,2.6230668479357995,1.9466760107651657,-0.2712370278878288,3.5012370278878286,-1.558597964262173,-0.04068478209913101,1.230684782099131,-2.3920307608998277,-0.06889664215196184,1.5388966421519619,-2.0422216483946487,-0.15827036909826897,1.708270369098269,13.246560546409714,-0.1915644269213364,0.8215644269213365,8.202812295557981,-0.14085202392216778,1.040852023922168,3.3232475385635403,-0.050541123760192756,1.8405411237601927,8.635090299390656,-0.13699865961617758,0.6269986596161776,10.191982981622102,0.039066352347776494,0.2209336476522235,5.89209830438098,-0.0802389250906266,-0.31976107490937344,3.7935631688166067,0.4586249872036875,-0.6086249872036875,3.5075479854538214,-0.12967640876635914,1.4596764087663592,3.0171491499900043,-0.24058324874213455,1.5605832487421347,0.042907086813052775,0.060373044795225456,-2.4003730447952254,-3.8549905216398774,-0.2770344701561293,3.527034470156129,5.188289189962333,0.6973155303479958,1.5860241311037124,10.0,-0.02370480299339264,0.9812189847884276,0.03982059482306531,0.9684561783202952,-0.5296214334597236,0.5996256713195849,-0.19708055500538602,0.8448729911717372,-0.019713385648877778,0.9843808705792345,0.22259340403524666,0.8251100744597748,-0.08969066018340822,0.9290301876036655,-0.0800012197935887,0.9366793698708273,-0.0652819842425357,0.9483106677681192,-0.10489774444228296,0.9170392307637292,-2.3538362403661144,0.02415849760512745,-2.373488261070383,0.023078908833616962,1.1673761722133817,0.2507326237843164,-1.1056987455170533,0.276191654623128,1.7333768534297282,0.09158742370635453,0.653392057159958,0.5176552974721909,0.040733941263341594,0.9677330789321517,0.02091081912623431,0.9834322690833224,1.525323596025504,0.13591662514697078,0.3579697324162109,0.7224564217906102,2.035982978519281,0.04916144942358791,-0.286606961366971,0.7760563485163319,0.7156479976415969,0.4788250634757487,-0.43986498352855696,0.662664430369309,0.8948743955824091,0.3767986122009588,-0.3755393979109424,0.7094631212920444,0.9933658779711593,0.3271619785941773,2.4358792670227496,0.019934641877456194,0.47774291647368516,0.6357213250017053,1.5083961102223282,0.14018007775042052,0.6052595088488736,0.5488033727035218,0.6111042749557621,0.5449701696617058,1.0702818373599574,0.29161607278149737,1.5878867088148352,0.12105740458535719,0.36460216442502447,0.7175414810503611,1.8741800898279837,0.0690391526755072,0.1284737772447991,0.8984891021300103,1.083484278701428,0.28579711816519415,-0.18594231139536846,0.8535337854608782,0.697589524366462,0.4899150979565938,-0.3539178023019361,0.725464990578871,0.6449948562813984,0.5230199963402269,0.8488075210912773,0.4015974844602601,0.5548165528876031,0.5824511585093579,0.9074852418426729,0.37018508470795797,0.007890084585359641,0.9937482508612538,-1.3958262815036555,0.17131653878666198,-0.7088852576736904,0.4829613740090406,2.0509842917492165,0.04760077407903318,0.9540624545420479,0.3464147363330563,5.686929030558431,1.667099738034139e-06,4.090329190794954,0.00022330538466297511
2020-11-10,0.33,0.39,0.13,0.23,0.87,-5.44,0.77,2.54,0.44,0.03,0.17,-0.8,-0.79,-0.72,0.48,0.23,-0.08,1.35,0.68,1.78,-0.53,2.56,2.91,0.77,2.55,-0.09,-0.0675438915905984,0.39754389159059844,0.6140923582814386,-0.13571620123169892,0.5257162012316989,-0.5460280102906263,-0.030906331950215398,0.1609063319502154,1.3713920254338068,-0.11489313380972291,0.3448931338097229,-0.09016168033041755,0.7955367706221546,0.07446322937784544,-0.49598143171361786,-1.9929132481776617,-3.4470867518223387,-16.354358627776076,-0.39943867385237425,2.9394386738523743,-3.0734641727172067,0.5018105342113598,-0.06181053421135979,3.4914022883155074,-0.0020480002831931555,0.032048000283193157,0.1457631730262346,0.5168389903398606,-0.34683899033986054,1.5998370204253052,0.4363511949124732,-1.2363511949124733,-2.7949491591746463,0.15263407330301762,-0.9426340733030176,-3.3346648342028455,0.1519806242304274,-0.8719806242304273,-2.914202272625076,0.19940243182555292,0.28059756817444703,13.52715811458416,0.26084040630564,-0.030840406305639972,8.171971889252342,0.6369217564098762,-0.7169217564098762,2.606325782153664,0.1807864599229064,1.1692135400770938,9.80430383946775,0.26781584025609845,0.4121841597439016,10.604167141366004,-0.011234854189010372,1.7912348541890104,7.68333315856999,-0.041114052216608285,-0.4888859477833917,3.304677221033215,0.9190974040946287,1.6409025959053714,5.148450581359192,0.8830560818122065,2.0269439181877935,5.044093068177798,0.4461380327451654,0.3238619672548346,0.3667690540678874,0.7332379396549825,1.8167620603450172,-2.0382284612948602,0.19943903741115535,-0.28943903741115534,4.898850152551177,0.21168926189398374,1.797713392997696,11.0,0.2298524194163328,0.819507497589125,0.10705361698328729,0.9153408251694226,0.30395924408747066,0.7629089405318679,-0.09518808154425781,0.9246933202768348,0.09303302221595305,0.9263931571723896,0.2390723067057629,0.812405357012346,0.19941073909867765,0.8430635344557378,-0.015717723665661598,0.9875463749491189,0.04305324215037164,0.9658970064436676,-0.08646355146005241,0.9315770576038982,-1.9930408858106832,0.05387873060555437,-2.851025942490024,0.007170899163571498,1.699528291599798,0.09784625584886797,-0.5357914846534068,0.5953977373748511,-0.03573769119443074,0.9716889483077868,0.6086498850985597,0.5465781562371772,0.018529552480542937,0.9853187205994025,0.025410631943196434,0.9798677670200568,-0.20053579683632694,0.8421902022445202,0.2788967120509288,0.7819200095210814,-0.7148350645305868,0.47932121129782645,-0.4872384629754923,0.6290431928054643,-0.5450133355239696,0.5891051622317844,-0.5813261264599242,0.5646430148805854,-0.5041628368671627,0.6172187642014575,-0.5080276438848823,0.6145328562643528,0.16223624935899106,0.8720270154312972,2.3581651589407677,0.02391684332477051,-0.01783134429954782,0.985871861372615,1.4246051702686584,0.16288316717456097,-0.4145107087011116,0.6809598004669586,0.4543560887114503,0.6523003411679473,0.6760173321385553,0.5033497038518093,1.7091666650200001,0.09602878038699947,0.2383171477824929,0.8129864655377574,1.8486053966792528,0.07274150985474637,1.0356583856209929,0.3072685668282449,1.339421658680823,0.18882873217725438,-0.2826646825512864,0.7790528222760003,0.5760984397590365,0.5681330904353588,0.94873909440874,0.34907910701135836,0.8975201354673313,0.3754048416246274,1.1719409440617947,0.24891848309474973,0.8793276777778818,0.385055648246456,0.18725091318248124,0.8525152760815617,0.06393818992535245,0.9493731598025552,1.0504177372800547,0.30052660990736557,-0.355320703925604,0.7244228297159214,-0.16734822098839125,0.8680325928866006,0.8540077413719933,0.39874796252091005,1.7264233428468094,0.09261360293290188,4.420512084534364,8.309069566325711e-05
